player_name,team_name,position,defensive_runs_saved,framing_runs_saved,pitches_framed,stolen_base_runs,pickoff_runs,throwing_runs,blocking_runs,infield_gb_runs,bunt_runs,double_play_runs_start,double_play_runs_pivot,infield_fb_runs,outfield_fb_runs,outfield_arm_runs
Ryder Helfrick,Arkansas,C,27,24.49,1304,-0.55,0.96,0.41,3.34,-0.42,-0.8,0,-0.01,0,0,0
Austin Fawley,Ole Miss,C,22.02,15.37,1076,0.26,0.27,0.53,6.7,-0.13,-0.42,0,-0.04,0,0,0
Grayson Ashe,Jacksonville State,C,19.67,11.28,1185,-0.9,0.45,-0.45,9.01,0.15,-0.32,0,-0.01,0.01,0,0
Ian Armstrong,Saint Mary's (CA),C,18.1,10.65,977,-0.56,0.31,-0.25,8,0.09,-0.37,0,-0.01,0,0,0
Burke-Lee Mabeus,Oregon,C,17.52,11.97,1156,0.73,0.7,1.43,4.2,-0.36,0.28,0,0,0,0,0
Trevian Martinez,UC San Diego,C,16.15,8.6,898,-0.15,0,-0.15,7.58,0,0.13,0,-0.02,0.01,0,0
Jonathan Fitz,Xavier,C,15.4,2.89,1036,1.12,1.39,2.51,9.43,-0.03,0.62,-0.01,0,0,0,0
Deiten Lachance,Oklahoma,C,15.15,10.41,763,0.02,1.13,1.15,3.85,0,-0.26,0,0,0,0,0
Ryan Tayman,Cal Poly,C,15.05,9.44,1431,-0.33,2,1.67,4.52,-0.05,-0.53,0,-0.01,0,0,0
Beau Sylvester,Arizona,C,6.32,2.54,752,-0.36,0.56,0.2,3.71,0,-0.12,0,-0.02,0,0,0
Augusto Mungarrieta,Kansas,C,14.03,3.13,1248,-0.61,0.46,-0.15,10.89,0,0.18,0,-0.01,0,0,0
Mateo Serna,Missouri,C,13.96,9.45,1010,-0.75,0,-0.75,4.83,0.16,0.27,0,0,0,0,0
Jayden Lobliner,San Diego,C,13.9,1.4,1088,0.09,0.47,0.56,12.21,0.03,-0.31,0,-0.01,0.01,0,0
Rudy Gonzalez,UTRGV,C,13.66,8,616,0.02,0.14,0.16,5.04,0.05,0.33,0,0.09,0,0,0
Owen Walewander,Lehigh,C,13.57,3.63,722,0.05,7.35,7.4,2.51,0.07,0,0,-0.04,0,0,0
Nate Vargas,UC Santa Barbara,C,13.28,8.67,935,0.19,0,0.19,3.45,0.08,0.91,0,-0.02,0,0,0
Joe Forbes,Arizona,C,-1.47,-1.14,89,-0.2,0,-0.2,-0.13,0,0,0,0,0,0,0
Daniel Jackson,Georgia,C,13,4.27,1230,0.4,0,0.4,6.81,0.18,1.34,0,0,0,0,0
James McGee,Kennesaw State,C,12.96,5.88,749,0.55,-0.8,-0.25,7.52,-0.29,0,-0.02,0.11,0.01,0,0
Jimmy Janicki,Troy,C,12.57,7.08,1224,-0.05,1.45,1.4,4.04,0.19,-0.25,0,0.09,0.02,0,0
Connor Walker,McNeese,C,12.57,4.17,646,0.86,3.12,3.98,3.97,0.13,0.31,0,0,0.01,0,0
Andrew DiLodovico,Bowling Green,C,12.38,7.92,704,-0.76,0,-0.76,4.31,0.18,0.73,0,0,0,0,0
Matt Chavez,California Baptist,C,12.34,3.79,814,0.39,-0.4,-0.01,8.57,0.03,-0.01,0,-0.02,0,0,0
Parker Goff,BYU,C,12.28,5.48,553,0.58,0.31,0.89,5.8,0.13,0,0,-0.01,0,0,0
Tucker Stockman,Southern Miss,C,12.18,5.15,945,0.52,0.72,1.24,5.95,0.2,-0.47,0,0.1,0,0,0
Noah Miller,Michigan,C,12.17,6.58,939,0.46,-0.31,0.15,5.05,0.13,0.26,0,-0.01,0,0,0
Brice Estep,Coastal Carolina,C,12.12,6.99,824,0.8,-0.26,0.54,4.71,0,-0.11,0,0,0,0,0
Jackson Golden,Marshall,C,12.02,8.38,940,-0.61,0,-0.61,4,0.2,0.08,0,-0.04,0,0,0
Nolan Zajac,Western Michigan,C,11.79,5.89,1057,-1.06,-0.68,-1.74,7.66,-0.27,0.27,0,-0.02,0,0,0
Carter Bergman,Missouri State,C,11.68,6.82,888,0.2,1.19,1.39,3.68,-0.12,-0.05,0,-0.04,0,0,0
Chase Fralick,Auburn,C,11.39,6.81,1109,0.23,-0.17,0.06,3.6,0.51,0.41,-0.01,0,0,0,0
David Whittle,UC Riverside,C,11.28,4.84,581,0.27,2.64,2.91,4.73,-0.29,-0.89,0,-0.01,0,0,0
Zane Denton,Central Arkansas,C,10.85,2.49,733,0.59,0.68,1.27,6.95,-0.23,0.37,0,-0.01,0,0,0
Jacob Galloway,Oregon State,C,10.83,0.7,1198,0.58,0.94,1.52,8.29,0.02,0.28,0,0,0.01,0,0
Cole Hansen,California Baptist,C,10.57,5.45,381,0.79,-0.26,0.53,4.42,0,0.19,0,-0.02,0,0,0
Noah Quarless,Western Carolina,C,10.17,5.24,844,0.6,0,0.6,2.91,0.19,1.13,0,0.1,0,0,0
Vahn Lackey,Georgia Tech,C,10.01,3.17,955,-0.24,1.81,1.57,4.95,0.11,0.23,0,-0.02,0,0,0
Duncan Mathews,South Alabama,C,10,4.07,1156,0.11,0.31,0.42,5.73,0,-0.19,-0.04,0,0.01,0,0
Thomas Zwirecki,Canisius,C,9.97,5.99,589,0.59,0.81,1.4,2.59,0,0,0,-0.01,0,0,0
Clayton Namken,Texas State,C,9.94,2.4,1103,-0.06,0.67,0.61,5.57,0.12,1.24,0,0,0,0,0
Zach Justice,San Diego State,C,9.76,9.51,912,-0.28,0,-0.28,1,0.29,0,0,0,-0.76,0,0
Cole Raile,VMI,C,9.75,3.53,929,0.79,-0.86,-0.07,5.91,0.08,0.23,0.11,-0.04,0,0,0
Manny Garza,Tennessee Tech,C,9.7,6.37,904,0.43,0.62,1.05,2.04,0.1,0.16,0,-0.04,0.01,0,0
Jake Lyall,Loyola Marymount,C,9.5,4.11,737,1.06,2.47,3.53,2.75,0.08,-0.98,0,0,0.01,0,0
Lucas Manning,Wofford,C,9.46,5.82,612,0.11,0,0.11,3.47,0.29,-0.21,-0.01,-0.01,0,0,0
Parker Airhart,Murray State,C,9.45,1.24,940,-0.18,1.8,1.62,3.39,0.05,3.18,0,-0.02,0,0,0
Efren Ortega,UC Irvine,C,9.26,4.73,805,0.12,-0.14,-0.02,4.3,0.14,0.1,0,0,0.01,0,0
Jake Wrubleski,Gonzaga,C,9.2,4.05,761,-0.08,-1.38,-1.46,6.58,0.02,-0.01,0,0,0.02,0,0
Colt Brown,Louisiana,C,9.17,0.25,1242,-0.51,1.78,1.27,7.9,-0.18,-0.41,0.12,0.21,0,0,0
Jack Bergstrom,Texas A&M-Corpus Christi,C,9.05,6.01,348,0.4,0,0.4,2.64,0,0,0,0,0,0,0
Cade Carr,Samford,C,8.95,6.79,585,0.36,0.31,0.67,1.53,0.05,-0.1,0,0,0.01,0,0
Jason Green,Niagara,C,8.95,6.67,840,-0.02,1.45,1.43,2.78,0.02,-1.96,0,0,0.01,0,0
Domenico Tozzi,Coastal Carolina,C,8.92,6.86,572,0.29,0,0.29,1.52,0.22,-0.07,0,0.11,0,0,0
Jake Russo,New Haven,C,8.69,7.94,517,-0.26,0,-0.26,2.37,0,-1.35,0,-0.02,0,0,0
Zakary Goodwin,Eastern Illinois,C,8.54,4.54,586,0.32,1.08,1.4,2.5,0.1,0,0,0,0,0,0
Jake Redding,Hawaii,C,8.42,6.09,822,0.23,-0.04,0.19,2.64,0.04,-0.51,-0.02,-0.02,0.01,0,0
Scott Gell,Stony Brook,C,8.41,3.12,815,0.39,1.6,1.99,2.02,0.1,0.93,0,0.24,0,0,0
Karson Bowen,Florida,C,8.4,6.1,1111,-0.09,0.78,0.69,1.66,0.31,-0.34,0,-0.04,0.01,0,0
Owen Estabrook,Columbia,C,8.35,-0.64,897,1.05,2.24,3.29,4.97,0.1,1.05,0,-0.05,-0.38,0,0
Zac Butler,Wright State,C,8.27,5.02,817,-0.64,0,-0.64,3.1,0.03,0.78,0,-0.01,0,0,0
Johnny Luetzow,Santa Clara,C,8.14,4.52,835,0.48,0,0.48,2.98,0.21,0,0,-0.05,0,0,0
Mike Sprockett,Belmont,C,7.98,2.18,980,0.42,0.17,0.59,6,0.06,-0.93,0,0.08,0,0,0
Jehee Lee,Cal State Northridge,C,7.94,5.44,405,0.25,-0.11,0.14,2.11,0,0.23,0,0,0.01,0,0
Trey Hill,Little Rock,C,7.85,8.5,693,-0.24,0.31,0.07,-0.07,-0.16,-0.48,0,0,0,0,0
Josh Hoffmann,New Orleans,C,7.83,3.39,343,0.8,-0.12,0.68,3.81,0.04,-0.09,0,0,0,0,0
Mason Schwalbach,Southern Illinois,C,7.8,4.47,810,0.7,0,0.7,1.44,0.05,1.13,0,0,0.01,0,0
Adam Agresti,St. John's,C,7.78,3.96,1053,0.13,0.48,0.61,3.12,0,0.09,0,-0.03,0.01,0,0
Carter Stewart,Portland,C,7.76,5.67,387,-0.1,0.48,0.38,1.71,0,0.01,0,-0.01,0,0,0
Mike Toth,Mount St. Mary's,C,7.67,3.73,572,0.04,0,0.04,3.29,0.38,0.23,-0.01,0,0,0,0
Cam Morrison,Stonehill,C,7.67,6.51,609,-0.26,-0.43,-0.69,0.95,0,0.79,0,0.11,0.01,0,0
Lance Trippel,USF,C,7.51,6.64,922,0.18,0.94,1.12,-2.06,0.21,1.61,0,0,0,0,0
Andrew Schuldt,Campbell,C,7.45,4.76,784,0.06,0.2,0.26,2.91,-0.03,-0.41,0,-0.04,0,0,0
Will Millard,North Alabama,C,7.44,0.71,1150,0.58,1.01,1.59,5.17,0.12,-0.24,0,0.08,0,0,0
Van Coughlin,Holy Cross,C,7.4,3.81,561,0.31,0,0.31,3.38,0.08,-0.18,0,0,0,0,0
Brody Williams,Kent State,C,7.36,2.57,894,-0.08,1,0.92,4.04,0,-0.15,0,-0.03,0.01,0,0
Levi Castilleja,Houston Christian,C,7.35,2.85,704,0,-0.04,-0.04,2.98,0,1.6,-0.03,-0.02,0,0,0
Dylan Johnson,College of Charleston,C,7.29,1.72,1040,0.87,0.56,1.43,4.16,0.08,-0.05,0,-0.03,0,0,0
Damon Valdez,Long Beach State,C,7.29,3.42,675,0.99,0,0.99,2.27,0.06,0.43,0,0.12,0.01,0,0
Armando Hurtado,Coppin State,C,7.23,4.11,619,-1.4,-0.54,-1.94,5.2,0,-0.11,0,-0.02,0,0,0
Kaden Amundson,Arkansas State,C,7.19,3.92,801,-0.41,-0.04,-0.45,4.22,-0.87,0.38,0,-0.02,0.01,0,0
Kanon Sundgren,Abilene Christian,C,7.07,2.32,502,-0.3,0,-0.3,4.96,0.13,-0.15,0,0.12,0,0,0
Austin Young,Fresno State,C,6.9,1.37,558,0.58,0,0.58,5.6,0,-0.63,0,-0.02,0,0,0
Dakota Chun,Portland,C,6.88,5,532,0.47,0,0.47,1.72,0,0.06,0,-0.01,-0.37,0,0
Joseph Durso,Long Island,C,6.86,6.02,945,-0.47,0,-0.47,1.69,0,-0.35,0,-0.05,0.01,0,0
Sean Kang,SIUE,C,6.82,3.35,893,-0.51,0.56,0.05,3.68,-0.25,0,0,-0.02,0,0,0
Max Kalk,Ball State,C,6.81,-0.02,799,0.67,1.43,2.1,3.99,0.05,0.68,0,0,0,0,0
Jeter Worthley,Nebraska,C,6.79,-1.34,986,-0.63,-0.14,-0.77,8.58,0.34,0,-0.02,-0.01,0,0,0
Ethan Payne,Fresno State,C,6.74,0.77,604,-0.24,-1.04,-1.28,6.12,0.18,0.96,0,0,0,0,0
Dylan LaPointe,Mercer,C,6.46,0.78,1201,-0.11,0.57,0.46,4.48,0,0.81,0,-0.08,0,0,0
Ivan Dahlberg,Northern Illinois,C,6.42,4.47,1187,0.57,-0.28,0.29,2.5,0,-0.47,0,0,-0.37,0,0
Brendan Burke,Norfolk State,C,6.33,6.7,763,-0.51,0.28,-0.23,1.14,-0.43,-0.79,0,-0.09,0.02,0,0
Roman Meyers,Arizona,C,2.84,2.79,407,-0.41,0,-0.41,0.3,0.21,0,-0.05,0,0,0,0
Andrew Pyle,Utah Tech,C,6.29,3.65,604,0.13,0.28,0.41,2.78,0.11,-0.67,0,0,0,0,0
Zach White,UL Monroe,C,6.27,-0.78,868,0.64,-0.39,0.25,6.76,0,0.04,0,0,0,0,0
Jacob Payne,Toledo,C,6.21,2.27,1111,0.11,-0.89,-0.78,5.06,0,-0.31,0,-0.02,0,0,0
Jake Harvey,Nevada,C,6.21,-1.72,1022,0.1,1.29,1.39,6.32,0.05,0.16,0,0,0,0,0
Nikhil Beasley,Sacramento State,C,6.2,4.07,833,0.01,0,0.01,2.03,-0.3,0.27,0,0.1,0.01,0,0
Blake Primrose,Saint Joseph's,C,6.17,4.16,869,-0.03,-0.84,-0.87,2.58,0,0.29,0,-0.02,0.02,0,0
Matthew Buffington,Miami (OH),C,6.07,5.19,450,0.38,0.61,0.99,-0.12,0,-0.01,0,0,0.01,0,0
Van Klein,Air Force,C,6.04,1.98,323,-0.42,0.31,-0.11,4,0.11,0.07,0,0,0,0,0
Ethan Adkisson,Stephen F. Austin,C,6.03,3.52,543,0.16,0.9,1.06,1.36,0,0.09,0,0,0,0,0
Kingsley Guthrie,Murray State,C,5.91,3.76,267,0.12,0,0.12,1.75,0,0.28,0,0,0,0,0
Joey DeMucci,Penn State,C,5.86,1.61,431,0.49,-0.04,0.45,3.53,0.19,0.09,0,-0.02,0,0,0
Omar Serna Jr.,LSU,C,5.86,3.4,498,-0.06,0,-0.06,1.74,-0.33,1.12,0,-0.01,0,0,0
Hederick Torres,Jackson State,C,5.83,2.57,850,0.51,-0.64,-0.13,4.4,-0.25,-0.75,-0.02,0,0,0,0
Sam Pease,Northern Colorado,C,5.8,-0.02,849,-0.69,0,-0.69,6.54,0.05,-0.01,-0.02,-0.07,0,0,0
Riley Jackson,Houston,C,5.77,2.07,544,-0.94,0.56,-0.38,3.63,0.1,0.37,0,-0.01,0,0,0
Nate Savoie,Clemson,C,5.72,3.61,456,0.36,0.88,1.24,0.83,0.07,0,0,-0.03,0,0,0
Samuel Fernandez,Stetson,C,5.69,2.15,869,-0.06,0.56,0.5,3.3,-0.17,-0.08,0,-0.01,0,0,0
Tommy Popoff,Binghamton,C,5.66,1.72,687,-0.3,0.42,0.12,4.06,-0.24,-0.1,0,0.1,0,0,0
John Elliott,Tulane,C,5.64,3.14,518,-0.25,-0.4,-0.65,3.66,0,-0.7,0,0.2,0,0,0
Connor Price,Georgetown,C,5.64,1.56,920,-0.41,-0.4,-0.81,4.74,0.1,0.06,0,-0.02,0.01,0,0
Xavier Bradley,Southern,C,5.62,1.7,613,-0.46,0.31,-0.15,3.84,0,0.15,0,0.09,0,0,0
Alex Sosa,Miami,C,5.54,0.45,756,0.02,0.88,0.9,4.58,-0.37,-0.01,0,-0.02,0,0,0
Cam Macleod,Washington State,C,5.46,0.69,627,0.49,0.52,1.01,3.67,-0.52,0.63,0,-0.02,0,0,0
Stone Lawless,Tennessee,C,5.45,1.72,682,-0.06,0.88,0.82,2.92,0.21,-0.19,0,-0.03,0,0,0
Brody Briggs,Arizona State,C,13.27,3.29,1032,0.12,1.36,1.48,8.37,0.05,0,0,0.08,0,0,0
Conner Spelman,Jacksonville,C,5.4,3.96,547,-0.38,0,-0.38,2.1,0,-0.28,0,-0.02,0.01,0,0
Tank Sims,Southeast Missouri,C,5.4,5.04,915,-0.67,0,-0.67,0.88,0.04,0.11,0,-0.02,0.01,0,0
Ethan Gonzalez,Wichita State,C,5.37,3.97,976,0.3,0,0.3,2.03,0.14,-1.16,0,0.09,0,0,0
Ty Johnsen,Utah Tech,C,5.37,1.27,759,0.4,0.79,1.19,2.49,0.23,0.18,-0.02,0,0.01,0,0
Lorenzo Rios,Rice,C,5.34,-0.33,730,0.05,1.4,1.45,4.02,0.24,-0.03,-0.02,0,0,0,0
Garryn Plummer,Fairleigh Dickinson,C,5.33,1.09,584,0.17,1.8,1.97,2.59,-0.23,-0.28,-0.02,0.23,0,0,0
Walker Barron,East Carolina,C,5.33,-0.58,1094,0.12,0.52,0.64,5.27,0.1,-0.2,-0.01,0.11,0,0,0
Cashel Dugger,UCLA,C,5.33,-1.4,1177,0.17,2.17,2.34,3.99,0.12,0.26,-0.01,-0.01,0.04,0,0
Kyle Cincinnati,Sacred Heart,C,5.32,0.16,510,0.69,1.31,2,3.11,0,0.06,0,-0.01,0.01,0,0
Eli Berch,Louisiana Tech,C,5.27,2.47,690,0.02,0.29,0.31,2.81,-0.33,0.03,0,-0.03,0,0,0
Brady Neal,Alabama,C,5.25,1.82,557,0.43,0.17,0.6,2.93,-0.16,0.07,0,0,0,0,0
Austin Pierzynski,UAB,C,5.2,1.47,840,-0.78,-0.32,-1.1,4.9,0.12,-0.19,0,0,0,0,0
Max Kaufer,Wichita State,C,5.19,3.36,351,0.02,0,0.02,1.84,0,-0.03,0,0,0,0,0
Gabriel Tirado,Connecticut,C,5.17,2.46,656,-0.01,0.88,0.87,1.76,0.13,-0.03,0,-0.03,0,0,0
Matthew Cormier,Cal State Northridge,C,5.15,4.07,348,0.13,0,0.13,0.11,0.05,0.8,0,0,0,0,0
Caleb Herd,New Mexico,C,5.12,3.48,332,0.14,0.61,0.75,-0.05,0,0.95,0,-0.02,0,0,0
Matt Houston,Louisiana Tech,C,5.12,3.54,428,0.26,0,0.26,1.8,0.13,-0.61,0,0,0,0,0
Chayton Fischer,UTRGV,C,5.11,4.66,556,-0.28,0.98,0.7,-0.9,0,0.57,0,0.09,0,0,0
Lawson Odom,Southern Miss,C,5.11,2.42,302,0.14,0,0.14,2.58,0.06,-0.08,0,0,0,0,0
Owen Michelson,UNC Asheville,C,5.06,2.92,255,0.53,-0.26,0.27,2.38,-0.19,-0.32,-0.01,0,0,0,0
Garrett McGovern,Merrimack,C,5.04,2.95,490,0.15,-0.62,-0.47,2.4,0.13,0.06,-0.03,0,0,0,0
William Zareh,Lindenwood,C,5.01,-3.58,771,0.93,2.14,3.07,4.82,0,0.71,0,0,0,0,0
Seojun Oh,High Point,C,5,3.45,403,0,0,0,2.01,0.06,-0.52,0,0,0,0,0
Ryan MacDougall,Dayton,C,4.98,2.36,931,-0.96,0,-0.96,3.23,0.14,0.09,0,0.1,0.01,0,0
Nick Shuhet,Rider,C,4.97,2.2,735,-0.41,0,-0.41,4.59,0,-0.99,0,-0.04,-0.38,0,0
Matthew Chatelle,Rutgers,C,4.94,-0.71,698,1,0.31,1.31,4.22,0,0,0,0.11,0,0,0
Logan Vaughan,George Mason,C,4.91,3.16,715,-0.17,0.52,0.35,2.48,-1.19,0,0,0.12,0,0,0
Jack DePalma,Merrimack,C,4.88,3.25,299,-0.54,0,-0.54,2.23,0.03,-0.08,0,0,0,0,0
Bear Harrison,Texas A&M,C,4.86,3.09,1099,0.42,0,0.42,2.46,0,-1.09,0,-0.03,0.01,0,0
Dean O'Neill,Middle Tennessee,C,4.82,3.56,356,-0.23,0,-0.23,0.44,0,1.06,0,0,0,0,0
Colin Cymbalista,Incarnate Word,C,4.71,0.79,733,-0.31,0,-0.31,4.77,0,-0.38,0,0.22,-0.38,0,0
Alonzo Alvarez,Miami,C,4.64,-2.12,636,0.56,1.19,1.75,5.14,-0.25,0.16,0,-0.03,0,0,0
Walker Zapp,Air Force,C,4.61,2.4,739,0.52,0,0.52,1.67,0.04,0,0,-0.01,0,0,0
Santiago Carriles,USF,C,4.6,2.95,131,0.02,0,0.02,1.52,0,0,0,0.11,0,0,0
Brooks Wright,Appalachian State,C,4.58,2.84,152,-0.08,0,-0.08,1.24,0,0.58,0,0,0,0,0
Dylan Jackson,San Jose State,C,4.58,2.69,583,-0.3,0,-0.3,3.25,-0.24,-0.82,0,0,0,0,0
Matt Quintanar,Texas Tech,C,4.52,-6.16,1202,0.99,0.52,1.51,8.15,0.1,0.92,0,0,0,0,0
Deacon Bowne,Bucknell,C,4.51,5.61,718,-1.04,-0.48,-1.52,0.24,0.05,0.13,0,0,0,0,0
Drew Rogers,Georgia Tech,C,4.42,2.42,393,0.33,0.31,0.64,1.36,0,0,0,0,0,0,0
Brennan Hudson,Georgia,C,4.38,2.42,216,-0.23,0.56,0.33,1.64,0,0,0,0,0,0,0
Noah McNeil,Northwestern State,C,4.34,4.1,277,0.03,0,0.03,0.13,0,0,0,0.09,0,0,0
Charlie Carter,Missouri State,C,4.34,2.7,314,0.15,-0.46,-0.31,1.91,0,0.06,0,-0.02,0,0,0
CJ Griggs,Hofstra,C,4.32,2.48,437,0.27,0,0.27,1.61,-0.35,0.31,0,0,0,0,0
Griffin Pomper,Jacksonville,C,4.31,2.16,313,0.7,0,0.7,1.42,0.05,0,0,-0.02,0,0,0
Kaden Schuck,McNeese,C,4.3,2.74,352,-0.07,-0.28,-0.35,0.98,0.12,0.82,0,0,0,0,0
Brayden Jaksa,Oregon,C,4.26,4.56,327,0.02,0,0.02,0.92,0,-0.86,0,0,-0.38,0,0
Colton Denton,Appalachian State,C,4.26,0.78,609,-0.44,-0.62,-1.06,3.98,0,0.57,0,-0.02,0.01,0,0
Garrett Fulmer,The Citadel,C,4.25,3.19,556,0.09,-0.99,-0.9,1.84,0,0.13,0,0,0,0,0
Brodey Williams,New Mexico,C,4.24,-0.01,696,0.34,1.13,1.47,2.53,0.04,0.23,0,-0.01,0,0,0
Ernie Echevarria,Penn,C,4.19,-0.32,591,0.62,1.01,1.63,2.26,0.45,0.18,0,0,0,0,0
Jack Natili,Cincinnati,C,4.17,-0.51,938,0.68,1.31,1.99,5.2,0,-2.47,0,-0.04,0,0,0
Brandon Doubek,Lafayette,C,4.15,1.9,681,-0.71,0.88,0.17,2.55,0.05,-0.53,0,0,0.01,0,0
Jaxon Haynes,Mississippi Valley,C,4.12,2.36,171,-0.01,1.04,1.03,0.66,0,0.07,0,0,0,0,0
Seth Fontenot,McNeese,C,4.08,0.97,345,0.3,0,0.3,2.81,0,0,0,0,0,0,0
A.J. DeMastrie,Dartmouth,C,4.08,1.45,421,0.01,0.56,0.57,1.94,-0.07,0.2,0,0,0,0,0
Spencer Verburg,Central Michigan,C,4.06,0.86,505,0.04,1.55,1.59,1.43,0.19,0,0,0,0,0,0
Trey Fikes,Nebraska,C,4.04,2.15,349,0.09,0,0.09,1.68,0,0,0,0.11,0,0,0
Cal Elvis,UC San Diego,C,4.02,2.33,201,0.08,0.56,0.64,0.98,0,0.07,0,0,0,0,0
Zack Thompson,Gardner-Webb,C,4.02,3.24,775,0.25,0,0.25,0.36,0,0.08,0,0.09,0,0,0
Owen Turner,Yale,C,4.01,-1.43,485,-0.51,0,-0.51,4.87,0.1,1,-0.02,0,0,0,0
Martin Howell,Dayton,C,3.98,2.84,154,0.2,0,0.2,0.85,0,0,0,0.1,0,0,0
Colton Bower,Washington,C,3.97,2.93,410,0.22,0.31,0.53,0.71,-0.2,0,0,0,0.01,0,0
Niko Lombardi,Cal State Fullerton,C,3.97,0.04,501,0,0.31,0.31,3.05,0.1,0.5,0,-0.02,0,0,0
Gio Melchione,Akron,C,3.91,1.39,430,-0.88,0.88,0,2.13,0,0.4,0,-0.01,0,0,0
Mason Wray,Northwestern State,C,3.9,2.66,233,-0.13,0.82,0.69,0.41,0,0,0,0.14,0,0,0
Brendan Brock,Oklahoma,C,3.87,2.94,698,0.21,-0.31,-0.1,0.93,0.13,0,0,-0.03,0,0,0
Elie Kligman,Michigan,C,3.85,1.61,319,0.37,-0.18,0.19,1.99,0,0.06,0,0,0,0,0
Trey Wells,Rutgers,C,3.83,1.12,666,0.61,0,0.61,1.19,0,0.81,0,0.1,0,0,0
Colin Hynek,North Carolina,C,3.8,0.37,697,0.34,0,0.34,2.99,0,0,0,0.11,0,0,0
Justin Ruiz,High Point,C,3.77,2.12,688,0.75,0,0.75,0.73,0.1,0.07,0,-0.01,0,0,0
RJ Rickabaugh,Richmond,C,3.77,3.14,640,0.66,0.56,1.22,-0.72,0.13,0.02,0,-0.02,0,0,0
Jacob Jarrell,Clemson,C,3.76,0.55,837,0.25,0.88,1.13,3.01,-0.33,-0.61,0,0,0.01,0,0
Ethan Swidler,Washington,C,3.67,1.22,801,-0.08,0,-0.08,2.62,0,0.32,0,-0.03,-0.38,0,0
Blake Herman,Canisius,C,3.67,3.12,189,0.09,0,0.09,0.43,0.03,0,0,-0.01,0.01,0,0
Matthew Delgado,Iowa,C,3.6,2.62,298,0.07,0,0.07,0.86,0.22,-0.16,0,0,0,0,0
Jhett Creel,Stephen F. Austin,C,3.59,-0.34,662,-0.52,0.31,-0.21,3.69,0.31,0.14,0,0,0,0,0
Kevin Milewski,Mississippi State,C,3.59,-1.8,956,0.18,0.56,0.74,4.66,0,0,0,0,0,0,0
Diego Pena,Western Michigan,C,3.57,2.82,170,-0.39,0,-0.39,1.87,0,-0.72,0,-0.01,0,0,0
Sean White,Georgia Southern,C,3.55,1.28,501,0.57,0,0.57,0.79,0.14,0.77,0,0,0,0,0
Ayden Garcia,UNLV,C,3.54,-0.6,587,-0.06,1.33,1.27,2.11,0.04,0.74,0,-0.01,0,0,0
Connor Capece,Creighton,C,3.52,1.14,1060,0.92,0,0.92,2.26,-0.54,-0.22,-0.02,-0.02,0,0,0
AJ Goytia,Texas Tech,C,3.51,1.39,178,0.08,0,0.08,1.99,0.09,0,0,-0.03,0,0,0
Gunnar Johnson,Boston College,C,3.51,-0.99,732,0.45,0.48,0.93,3.32,0.26,0,-0.01,0,0,0,0
Zack Ramppen,San Francisco,C,3.51,-2.54,784,0.69,0.68,1.37,4.24,0.18,0.25,0,0,0,0,0
Xavier Rios,Cal State Northridge,C,3.48,2.88,380,-0.43,0.82,0.39,0.21,0,0,0,0,0,0,0
Colin Brown,Holy Cross,C,3.48,0.78,611,0.04,0,0.04,3.01,-0.7,0.35,0,0,0,0,0
Coen Niclai,Arizona State,C,0.52,-2.58,400,-0.05,0.79,0.74,2.29,0.12,0,0,-0.05,0,0,0
Mace Wheeler,Santa Clara,C,3.46,2.49,305,-0.19,-0.11,-0.3,1.4,0,-0.13,0,0,0.01,0,0
Shea McGahan,Kansas State,C,3.45,0.36,301,0.3,0,0.3,2.39,0.13,0.27,0,0,0,0,0
Jacob McKenzie,Southern Illinois,C,3.45,2.61,337,0.32,0,0.32,0.36,0.07,0.1,-0.01,0,0,0,0
Max Burt,Iowa,C,3.43,0.53,513,-0.06,1.28,1.22,2.27,0.09,-0.67,0,-0.01,0,0,0
Cooper Romich,Le Moyne,C,3.39,1.23,473,-1.32,0.48,-0.84,2.81,0.05,0,0,0.14,0,0,0
Clayton Pourciau,Nicholls,C,3.33,1.24,260,0.14,0.29,0.43,1.41,0.26,0,0,-0.01,0,0,0
Keaton Cottam,Austin Peay,C,3.29,1.96,268,-0.29,0.52,0.23,1.11,0,0,0,-0.01,0,0,0
Ian Nguyen,Western Kentucky,C,3.22,1.29,349,0.13,0,0.13,1.67,0,0.14,0,-0.01,0,0,0
Will Howard,Navy,C,3.22,1.41,703,0.56,0,0.56,1.39,-0.13,0,0,0,0,0,0
Andrew Raymond,Mississippi State,C,3.18,1.68,300,-0.13,0,-0.13,1.63,0,0,0,0,0,0,0
Mason Eckelman,Ohio State,C,3.18,-1.05,834,-0.02,-0.48,-0.5,3.83,0.56,0.45,-0.04,-0.08,0,0,0
Brady Gray,Abilene Christian,C,3.15,1.42,773,-1.27,0.48,-0.79,2.59,0.11,-0.18,0,0,0,0,0
Eli Riley,Valparaiso,C,3.13,-1.66,1029,0.96,1.12,2.08,1.76,0,0.86,0,0.09,0,0,0
Cooper Clouser,Arizona State,C,-0.25,-0.36,14,0.11,0,0.11,0,0,0,0,0,0,0,0
Jack Espiritu-Niswonger,Dartmouth,C,3.1,1.69,248,-0.35,0.61,0.26,0.97,0.1,0.07,0,0,0,0,0
Connor Tallakson,UNLV,C,3.09,2.51,212,-0.45,0,-0.45,1.03,0,0,0,0,0,0,0
Anthony Runfola,Duke,C,0.05,-0.53,47,0.17,0,0.17,0.39,0,0,0,0,0.01,0,0
Boone Shevey,Eastern Kentucky,C,2.96,1.66,474,0.41,0.42,0.83,0.59,0,-0.13,0,0,0.01,0,0
Nico Libed,UC Santa Barbara,C,2.95,0.85,310,-0.07,0.88,0.81,1.16,0.06,0.09,0,-0.01,0,0,0
Luke Jones,South Dakota State,C,2.92,0.87,409,0.14,-0.82,-0.68,3.41,-0.24,-0.43,0,0,0,0,0
Xavier Farnum,Southern Illinois,C,2.91,0.98,208,0.03,0.86,0.89,1.01,0.04,0,-0.01,0,0,0,0
Cider Canon,Duke,C,1.18,0.65,179,-0.02,0,-0.02,0.48,0,0.09,0,-0.03,0,0,0
Cam Papetti,Bryant,C,2.89,1.16,464,0.07,-0.4,-0.33,3.67,0,-1.59,0,-0.02,0.01,0,0
Gunnar Duncan,Butler,C,2.88,-0.87,482,0.5,1.13,1.63,2.06,0,0.07,0,0,0,0,0
Matthew Strand,Duke,C,-15.49,-16.41,1159,-2.71,0,-2.71,3.64,0,-0.02,0,0,0,0,0
Matt Arnold,Saint Louis,C,2.8,1.33,249,0.42,0,0.42,1.05,0,0,0,0,0,0,0
Derek Martinez,Arkansas State,C,2.78,2.01,151,-0.04,0,-0.04,0.25,0,0.55,0,0,0,0,0
John Lawson,Prairie View,C,2.77,1.69,598,-0.54,0,-0.54,2.99,0,-1.32,0,-0.05,0,0,0
Jaime Perez,Grand Canyon,C,2.71,0.41,599,0.21,-0.08,0.13,3.91,-0.56,-0.4,0,-0.02,-0.76,0,0
Casey Shipley,Central Arkansas,C,2.71,1.91,94,0.06,0,0.06,0.74,0,0,0,0,0,0,0
Shawn Romero,Pepperdine,C,2.68,0.92,374,-0.58,0,-0.58,2.34,0,0,0,0,0,0,0
Dom Cafferillo,Georgetown,C,2.67,3.02,285,-0.1,0.56,0.46,-0.61,-0.2,0,0,0,0,0,0
Cole Manuel,Arkansas State,C,2.65,0.61,214,0.18,0,0.18,1.03,0.12,0.62,-0.02,0.12,0,0,0
Cade Norton,Winthrop,C,2.65,0.99,522,0.07,1.44,1.51,0.38,0.15,-0.36,0,-0.01,0,0,0
Tyler Lang,USC Upstate,C,2.63,-1.14,934,-0.37,0,-0.37,3.95,0.13,0.07,0,0,0,0,0
Wailele Kane-Yates,Oral Roberts,C,2.58,1.23,842,-0.42,0.06,-0.36,1.2,0.05,0.47,0,0,0,0,0
Nate Sterling,Elon,C,2.55,3,522,-0.22,0.32,0.1,-0.64,0,0.09,0,0,0,0,0
Nolan Barry,Illinois State,C,2.52,1.02,529,-0.01,-0.26,-0.27,1.72,0.12,-0.07,0,0,0.01,0,0
Jordan Ortiz,Loyola Marymount,C,2.49,-3.3,594,0.18,2.54,2.72,2.52,0.51,0.07,0,-0.03,0,0,0
Nelson Grajales,Coppin State,C,2.47,1.01,361,-1.88,0.52,-1.36,2.76,0.09,0,0,-0.02,0,0,0
Ben Barrow,James Madison,C,2.41,0.46,380,-0.07,0,-0.07,1.93,0,0.09,0,0,0,0,0
Jacob Cortez,Sacramento State,C,2.4,0.71,447,-0.06,0,-0.06,1.07,-0.57,1.63,0,0,-0.38,0,0
Sebastian Huerta,Northwestern State,C,2.39,1.03,540,0.18,0,0.18,0.69,0,0.42,0,0.07,0,0,0
Dylan Winebrenner,Richmond,C,2.39,0.26,523,1.13,1.19,2.32,-0.16,0,-0.01,0,-0.01,0,0,0
Jack Quinlan,Army,C,2.39,-2.18,810,-0.05,0.42,0.37,5.9,-0.18,-1.5,0,-0.02,0,0,0
Dylan Shepherd,Ohio,C,2.38,1.27,143,-0.13,0,-0.13,1.24,0,0,0,0,0,0,0
Tyler Redden,Stonehill,C,2.36,2.32,178,-0.13,-0.28,-0.41,0.44,0,0,0,0,0,0,0
Brendan McLoughlin,Wagner,C,2.35,1.77,761,0.13,-0.11,0.02,0.96,-0.19,-0.21,0,-0.01,0,0,0
DeVante Wells,Alabama A&M,C,2.33,3.94,313,-0.07,0.88,0.81,-1.44,0.13,-1.1,0,-0.02,0.01,0,0
Eddie Marshall,Samford,C,2.33,1.5,371,-0.28,0,-0.28,1.03,0,0.08,0,0,0,0,0
Jon Embury,FGCU,C,2.33,-2.97,902,0.5,1.33,1.83,2.64,0,0.83,0,0,0,0,0
Jackson Hugus,Miami,C,2.32,2.07,61,-0.05,0,-0.05,0.31,0,0,0,0,0,0,0
Tyler Horner,Seattle,C,2.31,1.13,434,-0.16,0,-0.16,1.65,-0.32,-0.01,0,0,0.01,0,0
Sam Hunt,Minnesota,C,2.31,1.52,302,0.03,0,0.03,0.71,0.05,0,0,0,0,0,0
Blaise Priester,Southeastern Louisiana,C,2.31,-1.14,1024,0.9,-0.21,0.69,2.66,0.1,0,0,0,0,0,0
Preston Armstrong,Seattle,C,2.29,1.46,128,0.28,0,0.28,0.55,0,0,0,0,0,0,0
Gabe Gonzalez,Mercer,C,2.26,2.41,166,-0.05,0,-0.05,-0.1,0,0,0,0,0,0,0
Bennett Edwards,Georgia Southern,C,2.24,2.85,705,-0.55,0,-0.55,1.17,0,-1.2,0,-0.02,0,0,0
Jack Bilski,Little Rock,C,2.22,0.68,351,-0.11,0.6,0.49,1.67,0.05,-0.67,0,0,0,0,0
Ryan Dillon,Cornell,C,2.21,2.33,212,-0.89,0,-0.89,0.77,0,0,0,0,0,0,0
Noah Thein,Washington State,C,2.2,-1.17,401,0.06,0.71,0.77,2.16,0.3,0.18,0,-0.04,0,0,0
Hunter Carns,Florida State,C,3.47,2.19,737,-0.03,0,-0.03,1.4,0.05,-0.14,0,0,0.01,0,0
Levi Clark,Tennessee,C,2.18,0.27,285,0.01,0,0.01,2.07,0.06,-0.22,0,0,0,0,0
Juliomar Campos,Missouri,C,2.15,1.5,198,0.07,0,0.07,0.58,0,0,0,0,0,0,0
Jake Wagoner,Lamar,C,2.15,1.67,692,-0.03,-0.4,-0.43,1.53,0,-0.6,0,-0.02,0,0,0
Conner Stewart,Long Beach State,C,2.13,-0.17,421,0.35,0.45,0.8,1.49,0,0,0,0,0,0,0
Ian Wirtz,Lehigh,C,2.13,3.38,360,-0.11,0,-0.11,-1.13,0,0,0,-0.01,0,0,0
Lucas Grantham,Georgia State,C,2.12,1.91,494,-0.1,-0.89,-0.99,1.1,0.11,0,-0.01,0,0,0,0
Evan Gentil,UC Davis,C,2.11,0.25,336,0.37,0.14,0.51,1.38,0,0,0,-0.02,0,0,0
Kyle Hvidsten,Liberty,C,2.1,-4.56,1059,0.73,0.32,1.05,3.51,0.1,2.03,-0.01,-0.02,0,0,0
Nicholas Jackson Jr.,Grambling,C,2.1,1.49,83,-0.15,0,-0.15,0.27,0.07,0.42,0,0,0,0,0
Max Price,UAB,C,2.07,-1.08,474,0.01,0,0.01,3.6,0,-0.45,0,-0.02,0.01,0,0
Kaden Frommelt,Florida State,C,0.05,0.12,26,0,0,0,-0.07,0,0,0,0,0,0,0
Max Berrisford,St. Thomas (MN),C,2.05,0.82,453,-0.48,0,-0.48,3.24,0,-1.49,0,-0.04,0,0,0
Zeke Minic,Northern Colorado,C,2.04,1.37,406,-0.66,0,-0.66,1.53,-0.3,0.1,0,0,0,0,0
Nick Quagliato,Fairleigh Dickinson,C,2.01,1.22,605,-0.35,-0.97,-1.32,2.48,0.08,0.21,0,0.1,-0.76,0,0
Chone James,Mississippi State,C,2.01,1.8,244,-0.07,0.7,0.63,-0.39,0,0,0,-0.03,0,0,0
Bennett Freiter,North Dakota State,C,2,0.29,591,0.04,0,0.04,1.9,0,-0.22,0,-0.01,0,0,0
Jack McCarthy,George Mason,C,1.99,1.7,233,-0.01,0,-0.01,0.29,0,0,0,0,0,0,0
Kanoa Morisaki,CSU Bakersfield,C,1.99,-5.43,865,0.34,0.89,1.23,5.54,0.08,0.58,-0.01,-0.02,0,0,0
Alex Levesque,Radford,C,1.98,1.31,387,0.99,-0.31,0.68,-0.04,0.03,0,0,0,0,0,0
Griffen Sotomayor,Fresno State,C,1.98,1.45,130,0.02,0,0.02,0.44,0.03,0.08,0,-0.02,0,0,0
Creed Erdos,West Virginia,C,1.95,1.05,68,-0.05,0,-0.05,0.95,0,0,0,0,0,0,0
Zach Greenberg,Winthrop,C,1.93,1.97,260,0.05,0.59,0.64,-0.59,-0.2,0,0,0.11,0,0,0
Jackson Thompson,Campbell,C,1.93,-0.09,398,0.54,0,0.54,1.46,0,0.02,0,0,0,0,0
Cale Stricklin,Charlotte,C,1.91,-2.73,1125,-0.17,0.16,-0.01,4.33,0.25,0.1,0,-0.02,0,0,0
Trent Grindlinger,Tennessee,C,1.9,1.82,77,0.06,0,0.06,0.02,0,0,0,0,0,0,0
Jack Slater,Old Dominion,C,1.87,1.33,126,-0.03,0,-0.03,0.78,0,-0.21,0,0,0,0,0
Aidan Schuck,Oakland,C,1.86,-4.17,677,0.09,0.6,0.69,3.14,0.13,2.05,0,0,0.01,0,0
Matt Conte,Wake Forest,C,1.86,-0.7,762,-0.24,0.56,0.32,2.11,0,0.15,0,-0.03,0,0,0
Howie Rickett,UNC Wilmington,C,1.83,-0.58,696,0.71,0,0.71,1.61,0,0,0,0.09,0,0,0
Anthony Gonzalez,Stetson,C,1.83,-0.38,353,-0.1,-0.09,-0.19,1.97,0.21,0.22,0,0,0,0,0
Qwynn Ahearn,Penn,C,1.82,1.87,173,0.02,0,0.02,-0.21,0.14,0,0,0,0,0,0
Ty DePerno,Navy,C,1.8,0.46,174,0.23,0,0.23,1.11,0,0,0,0,0,0,0
Braize Mitchell,Iona,C,1.79,0.15,353,0.2,-0.9,-0.7,2.34,0,-0.01,0,0,0,0,0
Nathan Cmeyla,Florida State,C,3.13,0.76,531,-0.11,0,-0.11,2.37,0.11,0,-0.01,0,0,0,0
Brandon Chang,Brown,C,1.77,1.64,45,0.29,0,0.29,-0.16,0,0,0,0,0,0,0
Derek Houston,Utah Valley,C,1.76,0.91,444,0.11,-0.72,-0.61,1.48,0,0,0,-0.02,0,0,0
Ryland Duson,Prairie View,C,1.76,0.53,43,-0.04,0,-0.04,1.34,0,0,0,-0.07,0,0,0
Sadir Ryan,Southern,C,1.76,1.07,50,-0.1,0,-0.1,0.79,0,0,0,0,0,0,0
Jabe Boroff,Troy,C,1.75,0.34,180,-0.08,0.52,0.44,1.22,-0.24,0,0,0,0,0,0
Vincent Duffy,Seton Hall,C,1.74,0.97,321,-0.54,0,-0.54,1.2,0,0,0,0.1,0,0,0
Austin Munguia,Texas State,C,1.74,1.98,361,-0.12,0,-0.12,-0.17,0,0.04,0,0,0,0,0
Mason Ault,East Tennessee State,C,1.73,-0.71,577,0.18,-0.59,-0.41,3.33,0.05,-0.62,0,0.1,0,0,0
Gage McCown,Cal State Northridge,C,1.73,0.72,52,0,0,0,1.01,0,0,0,0,0,0,0
Carter Geffre,Iowa,C,1.73,1.58,239,0.57,0,0.57,-0.29,0,-0.11,0,-0.01,0,0,0
Matthew Mainord,Oral Roberts,C,1.7,0.91,387,0.22,0,0.22,0.64,0.1,-0.17,0,0,0,0,0
Matteo Mendoza,San Jose State,C,1.7,2.59,453,-0.09,0,-0.09,-0.85,0,0.04,0,0,0,0,0
Matt Deutsch,Saint Louis,C,1.7,-0.21,453,-0.51,0,-0.51,2.27,0.05,0,0,0.11,0,0,0
Jayden Novak,La Salle,C,1.68,1.21,978,0.51,-0.13,0.38,0.88,-0.7,-0.2,0,0.07,0.02,0,0
Nolan Belcher,Kent State,C,1.68,1.96,120,0.06,0,0.06,-0.44,0,0.1,0,0,0,0,0
Antonio Cordeiro,St. Bonaventure,C,1.67,-1.13,798,0.98,0.56,1.54,2.12,0,-0.95,0,0.1,0,0,0
Tucker Moore,Liberty,C,1.64,0.39,316,0.09,0,0.09,1.18,0,0,0,-0.02,0,0,0
Ridge Erickson,BYU,C,1.62,-1.11,760,1.01,0.14,1.15,1.52,0.04,0.02,0,0,0,0,0
Zacarias Salinas,Prairie View,C,1.56,1.09,46,0.07,0,0.07,0.4,0,0,0,0,0,0,0
JP Kuczik,Fairfield,C,1.56,0.02,806,0.01,0,0.01,2.19,-0.72,0.06,0,0,0,0,0
Caden Reeves,Troy,C,1.54,1,157,-0.15,0,-0.15,0.7,0,0,0,0,0,0,0
Joe Montembeau,Princeton,C,1.54,0.04,91,-0.1,0.77,0.67,0.84,0,0,0,0,0,0,0
Will Plattner,Alabama,C,1.54,0.68,73,-0.14,0.32,0.18,0.68,0,0,0,0,0,0,0
Ben Clark,Oakland,C,1.53,0.5,203,0.24,0.92,1.16,-0.13,0,0,0,0,0,0,0
Bronson Taylor,UMES,C,1.53,0.27,37,0.06,0,0.06,1.2,0,0,0,0,0,0,0
Andrew Heppner,Binghamton,C,1.53,1.9,134,-0.09,0,-0.09,-0.28,0,0,0,0,0,0,0
Ty Lagoni,Bucknell,C,1.51,1.44,111,0.29,0,0.29,-0.22,0,0,0,0,0,0,0
Collin Reuter,Ole Miss,C,1.5,1.59,194,-0.5,0,-0.5,0.4,0,0,0,0,0,0,0
Theo Kummer,Lamar,C,1.49,0.69,428,-0.19,-0.14,-0.33,1.36,0,-0.23,0,0,0,0,0
Wes Baker,Sam Houston State,C,1.48,-3.08,831,-0.16,0.31,0.15,4.89,-0.13,-0.36,0,0,0.01,0,0
Cade Martin,Little Rock,C,1.45,0.17,470,-0.04,-0.73,-0.77,3.06,0,-0.99,0,-0.02,0,0,0
Hayden Gustavson,Louisiana Tech,C,1.43,0.39,202,0.31,0,0.31,0.74,0,-0.01,0,0,0,0,0
Louis Percival,Siena,C,1.36,0.53,248,-0.77,0,-0.77,1.73,0,-0.11,0,-0.01,0,0,0
Trevor Conley,Austin Peay,C,1.35,-3.14,903,1.04,0,1.04,3.29,0.2,0.04,-0.04,-0.04,0,0,0
Tyler Huzzy,NJIT,C,1.35,1.07,63,0.01,0,0.01,0.1,0,0.18,0,-0.01,0,0,0
Logan Terry,Nicholls,C,1.34,-3.73,622,0.83,1.15,1.98,2.89,0,0,0,0.2,0,0,0
Carson Raether,Miami (OH),C,1.29,-1.87,722,0.81,0.56,1.37,1.71,0.28,-0.18,0,-0.02,0,0,0
Nic Goodwin,Youngstown State,C,1.28,0.12,308,-0.46,0,-0.46,2.39,0,-0.75,0,-0.02,0,0,0
Jaxon Schumacher,Bradley,C,1.27,0.31,1038,-0.37,-0.64,-1.01,1.17,-0.15,0.78,0,0.16,0,0,0
Fletcher Waterman,Holy Cross,C,1.27,1.01,18,0.06,0,0.06,0.2,0,0,0,0,0,0,0
Connor Pawlowski,Bellarmine,C,1.26,-1.66,304,0.78,0.88,1.66,1.01,0.08,0.18,0,0,0,0,0
Edward Yamin IV,LSU,C,1.26,0.91,34,0.11,0,0.11,0.21,0,0.06,0,-0.02,0,0,0
Garrison Bullock,Bucknell,C,1.25,0.04,19,0.11,0,0.11,1.1,0,0,0,0,0,0,0
Ethan Ho,UT Arlington,C,1.24,0.18,549,-0.32,0,-0.32,1.21,0,0.2,0,-0.03,0,0,0
Justin Summers,William & Mary,C,1.2,0.5,241,-0.35,0,-0.35,1.15,0,-0.09,0,0,0,0,0
Jamal George,Missouri,C,1.19,1.68,152,-0.04,0,-0.04,-0.54,0.1,0,0,0,0,0,0
Luca DiPaolo,Gonzaga,C,1.19,0.67,245,-0.16,0,-0.16,1.51,0,-0.82,0,-0.02,0,0,0
Preston Lucas,USC Upstate,C,1.19,-0.2,348,-0.46,0,-0.46,1.76,0,0.09,0,0,0,0,0
Brayden Ricketts,Indiana,C,0.75,-1.01,254,0.24,0.88,1.12,0.63,0,0,0,0,0.01,0,0
Cross Yarborough,Charleston Southern,C,1.18,0.52,35,0,0,0,0.66,0,0,0,0,0,0,0
Hogan Denny,Indiana,C,1.11,0.7,314,0.08,-0.3,-0.22,0.61,0,0.02,0,0,0,0,0
JJ Parsons,UNC Greensboro,C,1.16,-0.12,213,-0.33,-0.26,-0.59,1.88,0,0,0,0,0,0,0
Connor Lane,Connecticut,C,1.14,0.63,106,-0.2,0,-0.2,0.49,0.03,0.2,0,0,0,0,0
Drake Bicknell,UC San Diego,C,1.14,1.12,138,0.06,0,0.06,0.6,0,-0.64,0,0,0,0,0
Logan Mock,Nicholls,C,1.13,1.75,166,-0.34,0,-0.34,-0.28,0,0,0,0,0,0,0
Dennis Gamester,San Jose State,C,1.13,0.24,96,0.12,0,0.12,0.59,0,0.17,0,0,0.01,0,0
Gavin Braland,South Carolina,C,1.12,0.97,31,-0.05,0,-0.05,0.07,0.13,0,0,0,0,0,0
TJ Schuyler,Indiana,C,-1.39,-2.8,588,0.43,-0.31,0.12,1.69,0.09,-0.1,-0.01,0,-0.38,0,0
Ray Jesse,Indiana State,C,1.11,-1.15,229,-0.19,0,-0.19,2.49,0,0,0,-0.04,0,0,0
Landon West,Rice,C,1.09,-0.56,147,-0.19,0.6,0.41,1.24,0,0,0,0,0,0,0
Garrett Wright,Tennessee,C,1.09,0.71,227,0.07,0,0.07,0.79,-0.48,0,0,0,0,0,0
Cal Sullivan,Southeast Missouri,C,1.09,0.51,17,0.17,0,0.17,0.41,0,0,0,0,0,0,0
Josh Cunnigan,Seattle,C,1.09,-0.16,553,0.42,0.92,1.34,0.95,-0.7,-0.32,-0.01,0,0,0,0
Brody Sexton,Omaha,C,1.07,0.03,432,-0.7,0,-0.7,1.85,-0.2,0.09,0,0,0.01,0,0
Cole Griffith,Georgia State,C,1.05,-0.69,570,0.06,0,0.06,1.29,0.1,0.19,-0.02,0.11,0.01,0,0
Andrew Taylor,UTRGV,C,1.03,0.59,122,-0.14,0,-0.14,0.58,0,0,0,0,0,0,0
Bryce Hubbard,Oregon State,C,1.03,0.93,28,-0.15,0,-0.15,0.25,0,0,0,0,0,0,0
Marcus Aranda,UL Monroe,C,1.03,0.9,256,-0.43,0,-0.43,0.56,0,0,0,0,0,0,0
Carson Cabbage,USF,C,1.03,0.66,68,-0.15,0,-0.15,0.52,0,0,0,0,0,0,0
Juan Santos,FGCU,C,1.02,-0.91,339,-0.38,0.13,-0.25,2.18,0,0,0,0,0,0,0
Bennett Shealor,Gardner-Webb,C,1.01,1.39,137,0.24,0,0.24,-0.61,0,0,0,-0.02,0.01,0,0
Sergio Guerra,Tarleton State,C,1.01,-0.01,700,0.44,0,0.44,1.03,0.15,-0.6,0,0,0.01,0,0
Tyler LeRoy,California,C,1.01,0.06,124,0.06,0.45,0.51,0.33,0.12,0,0,0,0,0,0
Mason Barela,Cornell,C,1.01,2.9,555,-1.02,-0.4,-1.42,0.51,0.1,-1.06,0,-0.02,0,0,0
Joel Collado,Rhode Island,C,1,1.01,58,-0.15,0,-0.15,0.14,0,0,0,0,0,0,0
Lucas Steele,Auburn,C,1,1.31,219,-0.03,0,-0.03,-0.24,0,-0.03,0,0,0,0,0
Aric Anderson,Rice,C,1,-0.64,388,0.15,0.54,0.69,1.17,-0.66,0.44,0,0,0,0,0
Atticus Huffstutler,Akron,C,1,0.77,39,-0.14,0,-0.14,0.38,0,0,0,0,0,0,0
Cole Stanford,Florida,C,0.99,0.4,322,0.14,0,0.14,0.35,0.03,0.06,0,0,0.01,0,0
Mason Kirk,Tarleton State,C,0.98,0.32,94,0.06,0,0.06,0.6,0,0,0,0,0,0,0
Jose Fichera,SIUE,C,0.98,-1,305,-0.04,0,-0.04,1.86,0,0.54,0,0,-0.38,0,0
Miguel Morales,Texas Southern,C,0.98,0.82,330,-0.32,-0.4,-0.72,0.57,0,0.29,0,0,0.02,0,0
Aidan Bardi,Maine,C,0.97,1.58,45,-0.1,0,-0.1,-0.51,0,0,0,0,0,0,0
Luke Szepek,Stony Brook,C,0.97,-0.24,311,-0.11,0,-0.11,1.23,0.1,0,0,-0.02,0.01,0,0
Demetri Bardatsos,Rider,C,0.97,1.3,89,0.01,0,0.01,-0.34,0,0,0,0,0,0,0
Kamaehu Sanchez,Hawaii,C,0.96,0.74,92,0.22,0,0.22,0.86,0,-0.87,0,0,0,0,0
Carter Alexander,Central Arkansas,C,0.96,0.58,38,0.17,0,0.17,0.21,0,0,0,0,0,0,0
Mason Pickering,Austin Peay,C,0.94,-1.08,112,0.06,1.28,1.34,0.59,0,0.09,0,0,0,0,0
Seth Giamportone,Memphis,C,0.93,0.05,115,-0.04,0,-0.04,0.85,0,0.07,0,0,0,0,0
Carter Rutenbar,Arkansas,C,0.92,0.65,61,0,0,0,0.27,0,0,0,0,0,0,0
Maddox Miesse,Abilene Christian,C,0.91,-0.19,101,0.01,0,0.01,1.09,0,0,0,0,0,0,0
Joshua Caldwell,UMES,C,0.91,0.16,91,-0.07,0,-0.07,0.81,0,0,0,0,0.01,0,0
Beau Rurey,North Florida,C,0.9,0.58,97,-0.1,0,-0.1,0.31,0,0,0,0.12,0,0,0
Will Johannes,Illinois,C,0.9,-1.62,705,0.11,0,0.11,3.43,0.03,-1.04,0,0,0,0,0
John Lemm,Alabama,C,0.89,0.08,777,-0.33,-0.28,-0.61,2.22,0.14,-0.94,0,0,0,0,0
Salvy Alvarez,Stetson,C,0.89,0.74,91,-0.04,0,-0.04,0.21,0,0,0,-0.01,0,0,0
Ty Galusky,East Tennessee State,C,0.88,0,190,0.14,0,0.14,0.66,0.08,0,0,0,0,0,0
Liam Wilson,Harvard,C,0.87,1.44,613,-0.88,-0.74,-1.62,1.09,-0.35,0.31,0,-0.01,0,0,0
Wil Gubba,Marshall,C,0.87,0.62,165,-0.49,0.31,-0.18,0.53,0,-0.09,0,0,0,0,0
Frankie Ferrentino,Central Connecticut,C,0.87,0.52,437,-0.6,1.33,0.73,-0.35,0,0,0,-0.04,0,0,0
Jacob Estrada,Bethune-Cookman,C,0.86,0.79,132,0.29,0,0.29,-0.2,0,0,0,-0.02,0,0,0
Aidan Baglino,Fairfield,C,0.86,0.35,89,-0.15,0,-0.15,0.6,0,0.06,0,0,0,0,0
Cardel Dick,Omaha,C,0.85,-0.47,583,-0.17,0.31,0.14,1.53,0,0.06,0,-0.03,-0.38,0,0
Max McGlone,Army,C,0.85,0.29,109,0.24,0,0.24,0.18,0,0.14,0,0,0,0,0
Jose Torres,Louisiana,C,0.85,0.15,78,0.17,0,0.17,0.24,0.07,0,0,0.22,0,0,0
Camden Andrews,California Baptist,C,0.85,0.65,151,-0.09,0,-0.09,0.28,0,0,0,0,0,0,0
Casey Cerruto,New Haven,C,0.83,1.76,453,-1.49,0,-1.49,2.01,0,-1,0,-0.08,-0.38,0,0
Miller Murray,Morehead State,C,0.83,0.52,146,-0.15,0,-0.15,0.46,0,0,0,0,0,0,0
Mac Rose,Dallas Baptist,C,0.82,-0.81,514,-0.23,0,-0.23,1.84,0,0.02,0,0,0,0,0
Davis Johnson,Notre Dame,C,0.81,0.62,56,-0.1,0,-0.1,0.29,0,0,0,0,0,0,0
Brayden Buchanan,Baylor,C,0.79,-0.45,557,0.05,0,0.05,1.04,0.2,0,-0.03,-0.02,0,0,0
Jae'dan Carter,Longwood,C,0.79,0.37,129,-0.03,0,-0.03,0.44,0,0,0,0,0,0,0
Jimmy Nugent,Louisville,C,0.79,-5.77,887,0.82,1.76,2.58,4,0.27,-0.28,0,-0.01,0,0,0
Tommy Walker,Appalachian State,C,0.78,3.05,474,-0.47,0,-0.47,-1.8,0,0,0,0,0,0,0
Brett Williams,Saint Mary's (CA),C,0.78,-0.92,363,-0.01,0,-0.01,1.57,0,0.18,0,-0.03,0,0,0
Brian Heckelman,Towson,C,0.78,0.99,786,-0.36,-1.64,-2,1.59,0,0.22,0,-0.01,0,0,0
Dylan Maxcey,Houston,C,0.78,-1.53,690,-0.27,-0.68,-0.95,2.59,0.05,0.64,0,-0.01,0,0,0
Drew Lanphere,NC State,C,-2.66,-6.69,950,0.23,0,0.23,3.53,0.17,0.1,0,0,0,0,0
Max Ortega,Cal State Fullerton,C,0.77,-4.04,637,-0.03,0,-0.03,4.75,0.04,0.1,-0.02,-0.04,0,0,0
Preston Bonn,NC State,C,-0.66,-0.57,155,-0.14,0,-0.14,0.05,0,0,0,0,0,0,0
Paul Dulanto,Stony Brook,C,0.75,0.19,75,0.11,0,0.11,0.44,0,0,0,0,0,0,0
Vincent DeCarlo,NC State,C,0.12,-0.18,184,-0.18,0,-0.18,0.48,0,0,0,0,0,0,0
Kevin Fedoruk,Monmouth,C,0.75,0.27,257,-0.07,0,-0.07,0.45,0.13,0,-0.02,-0.02,0,0,0
Jake Weatherspoon,Virginia,C,0.74,0.62,736,-0.64,0,-0.64,1.42,-0.61,-0.05,0,0,0,0,0
Nolan DeAndrade,Maine,C,0.73,0.6,167,0.02,0,0.02,0.1,0,0,0,0,0.01,0,0
Gavin Panks,Southeastern Louisiana,C,0.73,0.99,99,-0.2,0,-0.2,-0.12,0,0.05,0,0,0,0,0
Henry Wolfe,Elon,C,0.72,0.39,20,0,0,0,0.24,0.1,0,0,0,0,0,0
Max Aude,Pepperdine,C,0.72,-1.56,549,-0.66,-0.77,-1.43,3.43,0.06,0.1,0,0.11,0,0,0
Andrew Sloan,Pacific,C,0.71,0.53,179,-0.15,-0.3,-0.45,0.63,0,0,0,0,0,0,0
Jacob Silva,UTSA,C,0.71,-1.8,384,-0.34,0,-0.34,2.68,0.08,0.09,0,0,0,0,0
Mac Dawsey,Northern Colorado,C,0.71,0.61,76,-0.35,0,-0.35,0.45,0,0,0,0,0,0,0
Julio Vasquez,Grambling,C,0.7,1.07,69,0.02,0,0.02,-0.39,0,0,0,0,0,0,0
Jack Ryan,Long Island,C,0.68,0.8,55,-0.04,0,-0.04,-0.08,0,0,0,0,0,0,0
Josh Martinez,UNC Wilmington,C,0.68,0.3,373,0.19,0,0.19,0.01,0.18,0,0,0,0,0,0
Thomas McAndrews,Fordham,C,0.67,-2.36,857,0.33,-0.37,-0.04,3.16,0,-0.07,0,-0.02,0,0,0
Brycen Hamilton,VMI,C,0.66,0.69,16,-0.05,0,-0.05,0.03,0,0,0,0,0,0,0
Jimmy Keenan,Wake Forest,C,0.65,-2.78,465,-0.19,0.16,-0.03,3.5,0,0,0,-0.04,0,0,0
Max Soliz Jr.,Kansas,C,0.65,0.17,158,0.01,0,0.01,0.46,0,0,0,0,0,0,0
Parker McDaniels,Cincinnati,C,0.65,0.28,55,0.11,0,0.11,0.26,0,0,0,0,0,0,0
Colin Mason,Alabama A&M,C,0.65,0.15,68,-0.2,0,-0.2,0.7,0,0,0,0,0,0,0
Caleb Hadley,Youngstown State,C,0.64,0.21,120,0.12,0,0.12,0.31,0,0,0,-0.02,0.01,0,0
Bryce Rudisill,Mount St. Mary's,C,0.64,0.08,6,0,0.56,0.56,0,0,0,0,0,0,0,0
Matthew Cannon,Presbyterian,C,0.64,0.41,20,0,0,0,0.23,0,0,0,0,0,0,0
Ryan Stevens,Jacksonville State,C,0.63,0.49,34,0.17,0,0.17,-0.03,0,0,0,0,0,0,0
Christian Dunn,Alcorn State,C,0.63,-0.23,18,0.11,0,0.11,0.76,0,0,0,0,0,0,0
Owen Gietzen,Arkansas-Pine Bluff,C,0.62,0.3,388,0.18,-0.04,0.14,0.18,0,0,0,0,0,0,0
Alexandre Laurence,Omaha,C,0.61,-0.28,45,0.01,0,0.01,0.91,0,0,0,-0.04,0,0,0
Jack Mosh,Minnesota,C,0.59,0.4,22,-0.05,0,-0.05,0.2,0.05,0,0,0,0,0,0
Dylan Archuleta,Air Force,C,0.58,0.39,9,0.11,0,0.11,0.09,0,0,0,0,0,0,0
Andrew Hanlon,Brown,C,0.58,-0.72,486,-0.19,0.14,-0.05,1.3,0.1,-0.05,0,0,0,0,0
Noah Gordon,North Dakota State,C,0.58,0.37,125,0.12,0,0.12,0.09,0,0,0,0,0,0,0
Rashawn Galloway,Texas State,C,0.58,0.34,30,0,0,0,0.23,0,0,0,0,0,0,0
Luke Bard,Houston Christian,C,0.57,1.28,135,-0.23,0,-0.23,-0.51,0,0.03,0,0,0,0,0
Andrew Lenski,Iona,C,0.57,0.1,225,-0.45,0.82,0.37,0.09,0,0,0,0,0,0,0
Graham Hylton,VCU,C,0.57,0.5,14,0.11,0,0.11,-0.04,0,0,0,0,0,0,0
Nate McHugh,Creighton,C,0.57,-1.75,439,0.8,0,0.8,1.17,0.08,0.27,0,0,0,0,0
Jackson Bessette,Purdue,C,0.56,-6.58,979,0,0.61,0.61,4.22,-0.08,2.41,0,-0.03,0,0,0
Ryan Gocio,James Madison,C,0.56,-0.23,487,-0.25,0,-0.25,0.03,0.1,0.94,0,-0.02,0,0,0
Tyler Bolyard,UC Riverside,C,0.56,0.55,30,-0.05,0,-0.05,0.06,0,0,0,0,0,0,0
Ryan Bakes,Illinois State,C,0.55,-1.01,695,-0.19,0.04,-0.15,2.3,0.13,-0.32,-0.03,0,-0.38,0,0
Ryan VandenBrink,Oregon State,C,0.55,0.78,99,-0.04,0,-0.04,-0.32,0.13,0,0,0,0,0,0
Luca Perriello,Mercer,C,0.54,0.44,14,0,0,0,0.1,0,0,0,0,0,0,0
Rees Kozar,Niagara,C,0.52,0.46,176,-0.47,0,-0.47,0.55,0,0,0,-0.02,0,0,0
Charlie Caruso,Northwestern,C,0.23,-0.04,46,0.06,0,0.06,0.21,0,0,0,0,0,0,0
Hunter Sute,Manhattan,C,0.51,-0.29,389,-0.41,0,-0.41,1.19,0.06,-0.02,0,-0.01,0,0,0
Jackson Owen,Mississippi State,C,0.5,-0.27,2,0,0,0,0.77,0,0,0,0,0,0,0
Jack Pitts,Memphis,C,0.49,0.49,2,0,0,0,0,0,0,0,0,0,0,0
Zach Pomatto,Northern Kentucky,C,0.48,0.54,24,-0.3,0,-0.3,0.24,0,0,0,0,0,0,0
Nick Costello,UC San Diego,C,0.47,0.02,10,0,0,0,0.35,0.1,0,0,0,0,0,0
Jacob Gaudreau,Bryant,C,0.47,-1.32,282,-0.17,0,-0.17,2.07,0.1,-0.19,-0.02,0,0,0,0
Nathan Wood,South Alabama,C,0.47,0.04,10,0,0,0,0.42,0,0,0,0,0,0,0
Jack Cannizzaro,James Madison,C,0.46,-0.31,307,-0.19,1.28,1.09,0,0,-0.32,0,0,0,0,0
Jose Fernandez,Bethune-Cookman,C,0.46,0.21,138,-0.15,0.31,0.16,0.09,0,0,0,0,0,0,0
Eli Stephens,Mercer,C,0.44,0.24,16,0,0,0,0.2,0,0,0,0,0,0,0
Wes Walker,North Alabama,C,0.44,-0.56,165,0.12,0,0.12,0.87,0,0,0,0,0,0,0
Nathan Borchardt,Eastern Michigan,C,0.43,0.42,198,-0.23,0,-0.23,1.48,0,-1.23,0,0,0,0,0
Stow Rogers,College of Charleston,C,0.42,0.4,8,0,0,0,0.02,0,0,0,0,0,0,0
Josh Janove,Towson,C,0.42,0.34,34,0.01,0,0.01,0.07,0,0,0,0,0,0,0
Luke Maltacea,George Washington,C,0.41,-0.44,170,-0.4,0.68,0.28,0.76,-0.2,0,0,0,0,0,0
Cesar Gonzalez,Boston College,C,0.41,-1.49,388,-0.11,0,-0.11,2.15,-0.14,0,0,0,0,0,0
Lucas Pringle,Charleston Southern,C,0.4,0.2,893,0.17,0,0.17,0.18,-0.3,0.16,0,0,0,0,0
Estaban Sepulveda,UC Riverside,C,0.39,0.5,540,0.02,0,0.02,-0.29,0.13,0.06,0,-0.04,0,0,0
Boone Hosey,North Florida,C,0.38,-1.45,274,-0.07,0,-0.07,1.91,0,-0.01,0,0,0,0,0
Adam Broski,Michigan State,C,0.38,-1.73,698,-0.16,0.82,0.66,1.89,-0.53,0.13,-0.01,-0.03,0,0,0
Gavin Bennett,Valparaiso,C,0.37,0.16,8,-0.05,0,-0.05,0.26,0,0,0,0,0,0,0
Luke Taylor,Long Beach State,C,0.37,1.16,56,-0.15,0,-0.15,-0.66,0.02,0,0,0,0,0,0
Gavin Kelly,West Virginia,C,0.37,-1.83,702,0.55,0.13,0.68,0.71,0.11,0.58,0,0.12,0,0,0
Adam Berghult,Dallas Baptist,C,0.36,-4.98,893,0.33,0,0.33,4.22,0.12,0.67,0,0,0,0,0
Rece Schuerman,Gonzaga,C,0.36,0.46,223,-0.2,0,-0.2,0.1,0,0,0,0,0,0,0
Stephen Landaz,Mississippi Valley,C,0.36,-0.37,301,-0.44,-0.14,-0.58,1.15,0,0.05,0,0.11,0,0,0
Dominic Stephenson,Georgia Tech,C,0.36,0.21,16,0,0,0,0.14,0,0,0,0,0,0,0
Aidan Sengenberger,Seton Hall,C,0.35,0.21,311,0.04,-0.8,-0.76,1.16,0.17,-0.44,0,0,0,0,0
Eddie Dolansky,Niagara,C,0.35,0.32,22,-0.05,0,-0.05,0.08,0,0,0,0,0,0,0
Trey Craft,Florida A&M,C,0.35,-0.5,52,0,0,0,0.87,0,0,0,-0.02,0,0,0
Jackson Geiger,USF,C,0.35,0.35,4,0,0,0,0,0,0,0,0,0,0,0
Patrick Sullivan,Ohio,C,0.34,0.05,17,-0.1,0,-0.1,0.33,0.07,0,0,0,0,0,0
Drew Jarrell,UL Monroe,C,0.34,0.22,55,-0.05,0,-0.05,0.17,0,0,0,0,0,0,0
Kasen Khansarinia,UCLA,C,0.34,0.39,192,0.07,0,0.07,-0.12,0,0,0,0,0,0,0
Santiago Ordonez,North Florida,C,0.34,-1.34,736,0.03,-0.14,-0.11,1.95,0.03,-0.19,0,0,0,0,0
Clark Springs,UT Arlington,C,0.33,-1.99,580,-0.55,0.17,-0.39,1.48,0,1.21,0,0,0.01,0,0
Connor Harvie,Milwaukee,C,0.33,0.23,117,-0.14,0,-0.14,0.63,-0.35,0,-0.02,-0.01,0,0,0
Will Bomerbach,Morehead State,C,0.33,0.22,24,-0.1,0,-0.1,0.21,0,0,0,0,0,0,0
Sebastian Hurtado,UCF,C,0.33,-0.4,64,-0.2,0.45,0.25,0.33,0,0.14,0,0,0,0,0
Noah Burnham,Belmont,C,0.33,-0.93,195,-0.01,0,-0.01,1.27,0,-0.01,0,0,0.01,0,0
Connor Dietsch,UC Irvine,C,0.32,0.46,122,0.01,0,0.01,-0.15,0,0,0,0,0,0,0
Jake Randolph,South Carolina,C,0.32,0.11,34,0.06,0,0.06,0.16,0,0,0,0,0,0,0
Josue Figueroa,Florida A&M,C,0.32,0.58,61,0.01,0,0.01,-0.27,0,0,0,0,0,0,0
Charlie Evans,Elon,C,0.31,0.04,7,0,0,0,0.27,0,0,0,0,0,0,0
Lawson Olmstead,California,C,0.31,0.39,164,0.56,-0.55,0.01,-0.14,0.1,-0.04,0,0,0,0,0
Garrett Mathias,Bucknell,C,0.3,-0.05,2,0,0,0,0.36,0,0,0,0,0,0,0
Carson Chavez,Fordham,C,0.3,0.1,32,0,0,0,0.2,0,0,0,0,0,0,0
Brock Beddingfield,Lipscomb,C,0.3,-2.7,410,-0.1,-0.52,-0.62,3.47,0,0.14,0,0,0.01,0,0
Kristian Amaro,North Carolina A&T,C,0.3,-0.15,381,-1.02,0,-1.02,1.45,0,0,0,0,0.02,0,0
Ethan Miller,Florida A&M,C,0.3,1.56,959,0.03,0.14,0.17,0.05,-0.09,-1.34,0,-0.05,0,0,0
Raul Feliz,Wofford,C,0.29,0.24,68,-0.05,0,-0.05,0.1,0,0,0,0,0,0,0
Michael Carrano,Illinois State,C,0.29,0.14,13,0,0,0,0.15,0,0,0,0,0,0,0
Ben Peterson,Saint Joseph's,C,0.28,0.24,36,-0.1,0,-0.1,0.14,0,0,0,0,0,0,0
Ruben Gonzalez,UTRGV,C,0.28,0.3,6,0,0,0,-0.02,0,0,0,0,0,0,0
Zach Munton,Houston Christian,C,0.28,-1.9,285,-0.58,0.88,0.3,1.89,0,0,0,0,0,0,0
Anthony Torreso,Davidson,C,0.28,1.08,114,-0.14,0,-0.14,0.23,-0.99,0,0,0.1,0,0,0
Talmadge LeCroy,South Carolina,C,0.27,-2.32,1205,-0.57,0.72,0.15,3.54,-0.16,-0.92,-0.02,0,0,0,0
Ryan Lee,UC Davis,C,0.27,-2.68,495,0.76,0.1,0.86,2.29,0,-0.18,0,-0.02,0,0,0
Jake Kelleher,Long Island,C,0.27,0.42,118,-0.25,0,-0.25,0.14,0,0,0,-0.04,0,0,0
Walker Freeman,Texas A&M-Corpus Christi,C,0.27,0.27,5,0,0,0,0,0,0,0,0,0,0,0
Adam Lehmann,Western Michigan,C,0.26,0.33,26,-0.1,0,-0.1,0.03,0,0,0,0,0,0,0
Lenox Lively,Queens (NC),C,0.26,0.19,21,-0.05,0,-0.05,0.13,0,0,0,0,0,0,0
Joseph Barnhardt,Utah Valley,C,0.26,0.23,54,0.12,0,0.12,-0.2,0.1,0,0,0,0,0,0
Pedro Quero,Texas A&M-Corpus Christi,C,0.24,0.09,19,0,0,0,0.14,0,0,0,0,0,0,0
Nick Mardis,Oakland,C,0.24,0.95,58,-0.15,-0.14,-0.29,-0.48,0,0.07,0,0,0,0,0
Cameron Murray,Western Carolina,C,0.24,0.33,84,0.13,0,0.13,-0.24,0.03,0,0,0,0,0,0
Ripken Reese,Kent State,C,0.24,-0.15,198,-0.25,-0.14,-0.39,0.69,0.09,0,0,0,0,0,0
Matthew Suppa,Queens (NC),C,0.24,-2.43,576,-0.06,0.91,0.85,1.62,0.05,0.15,0,0,0,0,0
Camden Ross,Western Kentucky,C,0.24,-3.93,869,0.57,-0.14,0.43,4.09,0.03,-0.38,0,0,0,0,0
Justis Reiser,BYU,C,0.24,-0.04,4,0,0,0,0.27,0,0,0,0,0,0,0
Donny Sandifer,Southern,C,0.23,0.19,21,-0.25,0.14,-0.11,0.15,0,0,0,0,0,0,0
Cole Yennaco,Merrimack,C,0.23,0.75,18,-0.1,0,-0.1,-0.42,0,0,0,0,0,0,0
Jay Slater,Northwestern,C,-4.27,-6.53,829,0.25,0.11,0.36,1.59,0.16,0.18,0,-0.02,0,0,0
Nathanael Coupet,Georgia Tech,C,0.22,0.23,9,0,0,0,-0.01,0,0,0,0,0,0,0
Broc Parmer,UTSA,C,0.21,0.03,24,0,0,0,0.18,0,0,0,0,0,0,0
Matt Brinker,Northeastern,C,0.21,0.14,3,0,0,0,0.07,0,0,0,0,0,0,0
Benjamin Cardone,VMI,C,0.2,0.07,29,-0.05,0,-0.05,0.18,0,0,0,0,0,0,0
Max Abrams,Saint Peter's,C,0.2,-0.97,324,-0.38,1.5,1.12,0.05,0,0,0,0,0,0,0
Jacob Dilley,UNC Greensboro,C,0.2,-0.47,211,0.17,0,0.17,0.5,0,0,0,0,0,0,0
Aukai Kea,Vanderbilt,C,0.2,-0.27,80,-0.05,0,-0.05,0.52,0,0,0,0,0,0,0
Antonio Perrotta,Virginia,C,0.19,0.08,10,-0.05,0,-0.05,0.17,0,0,0,0,0,0,0
Blake Labuda,Texas A&M,C,0.19,0.22,18,-0.05,0,-0.05,0.02,0,0,0,0,0,0,0
Jacob Lee,VCU,C,0.19,0.21,783,-0.54,0.92,0.38,-0.73,0.05,0.29,0,0,0,0,0
Blade Carver,East Carolina,C,0.19,-0.06,23,0,0,0,0.26,0,0,0,0,0,0,0
Colin Basehore,Manhattan,C,0.18,0.09,3,0,0,0,0.09,0,0,0,0,0,0,0
Jackson Militello,Charleston Southern,C,0.18,0.17,13,-0.1,0,-0.1,0.11,0,0,0,0,0,0,0
Will White,Butler,C,0.18,1.17,428,-0.13,-0.52,-0.65,-0.71,0,0.38,0,-0.02,0,0,0
Jaden Santiago,Columbia,C,0.18,0.19,10,0,0,0,-0.01,0,0,0,0,0,0,0
Anthony Marnell IV,San Diego State,C,0.18,0.28,17,-0.1,0,-0.1,0,0,0,0,0,0,0,0
Brady Englett,Tarleton State,C,0.17,-3.1,557,0.62,-0.14,0.48,2.6,0.12,0.09,0,-0.02,0,0,0
Terek Verhage,St. Thomas (MN),C,0.17,1.13,491,-0.93,-0.92,-1.85,1.48,0,-0.52,0,-0.06,0,0,0
Maikol Lucena,Bethune-Cookman,C,0.16,0.16,21,0,0,0,0,0,0,0,0,0,0,0
Sammy Leis,Georgia Southern,C,0.16,-1.16,103,-0.1,0,-0.1,1.37,0,0.05,0,0,0,0,0
Tyler Sparrer,Radford,C,0.15,-0.09,191,-0.29,0,-0.29,0.52,0,0,0,0,0,0,0
Joey Esposito,Lehigh,C,0.15,-0.19,10,0,0,0,0.34,0,0,0,0,0,0,0
Cam McGugan,New Haven,C,0.15,0.16,6,0,0,0,0,0,-0.01,0,0,0,0,0
Jake Walman,Seton Hall,C,0.15,-0.21,46,0.06,0,0.06,0.3,0,0,0,0,0,0,0
Isreal Ramos,Mississippi Valley,C,0.14,-0.12,4,0,0,0,0.26,0,0,0,0,0,0,0
Nash Horton,Pepperdine,C,0.14,-0.86,36,0.22,0,0.22,0.78,0,0,0,0,0,0,0
Caleb Stelly,Southern Miss,C,0.14,0.14,1,0,0,0,0,0,0,0,0,0,0,0
Carson McCaleb,Toledo,C,0.13,-1.19,284,-0.67,0,-0.67,1.98,0,0,0,0,0,0,0
Ty Marshall,Clemson,C,0.13,0.01,4,0,0,0,0.13,0,0,0,0,0,0,0
Angel Cartagena,Iona,C,0.13,0.13,1,0,0,0,0,0,0,0,0,0,0,0
Brayden Daulton,Norfolk State,C,0.12,0.06,6,0,0,0,0.06,0,0,0,0,0,0,0
Josh Ramos,Northwestern,C,-0.89,-0.94,37,-0.1,0,-0.1,0.14,0,0,0,0,0,0,0
Adrian Dominguez,New Orleans,C,0.11,0.03,3,0,0,0,0.07,0,0,0,0,0,0,0
Hunter Carlson,Georgia State,C,0.11,0.91,269,-0.22,0,-0.22,1.12,0,-1.7,0,0,0,0,0
Jayden Tolentino,Rhode Island,C,0.11,0.24,97,-0.15,0,-0.15,0.02,0,0,0,0,0,0,0
Shane Hofstadler,Northwestern,C,0.78,1.42,210,-0.04,0,-0.04,-0.62,0,0,0,0,0.01,0,0
Cooper Winchester,Air Force,C,0.1,-0.16,81,0.07,0,0.07,0.19,0,0,0,0,0,0,0
Preston Yaucher,Penn State,C,0.1,0.1,3,0,0,0,0,0,0,0,0,0,0,0
Tyler Butina,Murray State,C,0.1,0.04,1,0,0,0,0,0.06,0,0,0,0,0,0
Finn Ellis,Southern Indiana,C,0.1,-0.04,2,0,0,0,0.13,0,0,0,0,0,0,0
Austin Ellis,Northwestern State,C,0.1,0.1,1,0,0,0,0,0,0,0,0,0,0,0
Rom Kellis V,North Carolina,C,0.09,0.09,3,0,0,0,0,0,0,0,0,0,0,0
Aidan Houseworth,Arkansas State,C,0.08,0.08,3,0,0,0,0,0,0,0,0,0,0,0
Luke Richard,Mississippi Valley,C,0.08,0.02,1,-0.05,0,-0.05,0.11,0,0,0,0,0,0,0
Matthew Pazak,Penn,C,0.08,-0.03,48,0.07,0,0.07,0.04,0,0,0,0,0,0,0
Bren Wilkinson,Cal State Fullerton,C,0.07,0.08,17,-0.05,0,-0.05,0.04,0,0,0,0,0,0,0
Brodie Short,Lindenwood,C,0.07,-0.04,3,0,0,0,0.11,0,0,0,0,0,0,0
Brian Archer,George Washington,C,0.06,0.06,1,0,0,0,0,0,0,0,0,0,0,0
Waldie Perez,Cal State Fullerton,C,0.06,0.06,58,0,0,0,-0.02,0,0,0,0,0.02,0,0
Landon Boyd,Air Force,C,0.06,0.06,3,0,0,0,0,0,0,0,0,0,0,0
Carson Luna,Michigan,C,0.06,0.06,3,0,0,0,0,0,0,0,0,0,0,0
Matthew Martinez II,High Point,C,0.05,0.05,3,0,0,0,0,0,0,0,0,0,0,0
Coy Allman,Towson,C,0.05,-0.53,325,-0.57,0,-0.57,0.17,0.08,0.89,0,0,0.01,0,0
Jackson Cauthron,Eastern Kentucky,C,0.05,-0.17,35,0,0,0,0.23,0,0,0,0,0,0,0
Jace Roossien,Boston College,C,0.05,-0.09,64,0,0,0,0.15,0,0,0,0,0,0,0
Owen Siegert,South Dakota State,C,0.05,0,3,0,0,0,0.05,0,0,0,0,0,0,0
Brady Francisco,Oklahoma State,C,-0.92,-3.56,247,0.29,1.28,1.57,1.03,0.03,0,0,0,0,0,0
Campbell Smithwick,Oklahoma State,C,5.42,-2.14,1150,-0.52,1.57,1.05,6.5,0.33,-0.31,0,0,0,0,0
Chase Swain,La Salle,C,0.05,0.1,5,-0.05,0,-0.05,0,0,0,0,0,0,0,0
Caleb Champion,Southeast Missouri,C,0.05,0.05,3,0,0,0,0,0,0,0,0,0,0,0
Joey Agar,Mount St. Mary's,C,0.05,-0.13,401,-0.17,0,-0.17,0.32,-0.03,0,0,0.05,0,0,0
Rob Natale,Central Connecticut,C,0.04,0.18,95,-0.09,0,-0.09,-0.05,0,0,0,0,0,0,0
Drew Freeman,Louisville,C,0.04,0.02,4,0,0,0,0.02,0,0,0,0,0,0,0
Aaron Posey,Kennesaw State,C,0.04,-1.22,432,0.02,-0.26,-0.24,1.39,0,0.1,0,0,0.01,0,0
Mark Gialluisi,Villanova,C,0.04,-2.92,1025,0.41,0.56,0.97,2.28,-0.26,0.01,-0.02,-0.01,0,0,0
Coleman Siniard,Lipscomb,C,0.04,0,19,0,0,0,0.04,0,0,0,0,0,0,0
Mason Lang,South Dakota State,C,0.03,0.03,4,0,0,0,0,0,0,0,0,0,0,0
Cohen Bettencourt,High Point,C,0.03,-0.62,20,0.22,0,0.22,0.43,0,0,0,0,0,0,0
Jake Bollin,Villanova,C,0.03,0.28,55,0,0,0,-0.25,0,0,0,0,0,0,0
Brett Rowell,Tulane,C,0.03,0.03,2,0,0,0,0,0,0,0,0,0,0,0
Luke Ciminiello,Stony Brook,C,0.03,0.03,1,0,0,0,0,0,0,0,0,0,0,0
Andrew Keller,Campbell,C,0.03,0.03,2,0,0,0,0,0,0,0,0,0,0,0
Brayden Mazzacano,Illinois,C,0.02,0.02,1,0,0,0,0,0,0,0,0,0,0,0
Nicholas Toro,Rhode Island,C,0.02,1.82,339,-0.64,0,-0.64,-0.18,-0.39,-0.59,0,0,0,0,0
Nick Biddle,Hofstra,C,0.02,-0.18,716,0.51,0.38,0.89,-0.44,0.03,-0.27,0,-0.01,0,0,0
Lance Vickers,Bowling Green,C,0.02,0.31,177,-0.18,0,-0.18,0.07,0,-0.19,0,0,0.01,0,0
Lachlan Maude,New Mexico,C,0.02,0.02,1,0,0,0,0,0,0,0,0,0,0,0
Jayden White,Georgia Southern,C,0.01,0.02,38,-0.15,0,-0.15,0.13,0,0,0,0,0,0,0
Connor Klock,NJIT,C,0,-0.37,258,0.04,-0.04,0,0.27,0,0.11,0,0,0,0,0
Mike Santos-LaPlaca,Pacific,C,0,0.91,62,-0.3,-0.82,-1.12,0.21,0,0,0,0,0,0,0
Nate Lynn,Hofstra,C,0,0,2,0,0,0,0,0,0,0,0,0,0,0
Kelven Perera,Ole Miss,C,0,0.14,41,0,0,0,-0.14,0,0,0,0,0,0,0
Hugh Pinkney,Tulane,C,-0.01,-3.51,827,-0.59,-0.09,-0.68,2.75,0.12,1.38,0,-0.06,0,0,0
Kalen Applefield,California,C,-0.01,0.36,92,-0.1,0,-0.1,-0.28,0,0,0,0,0,0,0
Zach Porter,Wofford,C,-0.01,-0.55,51,0.06,0,0.06,0.48,0,0,0,0,0,0,0
Keegan Demmer,Sam Houston State,C,-0.02,-0.02,3,0,0,0,0,0,0,0,0,0,0,0
Will Broderick,Virginia,C,-0.02,-0.09,11,0,0,0,0.07,0,0,0,0,0,0,0
Michael Kalinich,East Carolina,C,-0.03,-1.67,183,0.03,0,0.03,1.61,0,0,0,0,0,0,0
Zack Zelazny,Radford,C,-0.03,-0.03,1,0,0,0,0,0,0,0,0,0,0,0
Fuller Musgrove,South Alabama,C,-0.04,-0.04,4,0,0,0,0.01,0,0,0,0,0,0,0
Isaiah Velazco,Central Michigan,C,-0.04,-0.04,3,0,0,0,0,0,0,0,0,0,0,0
Ty Marthiljohni,Sam Houston State,C,-0.04,-1.55,511,0.31,0,0.31,0.35,0,0.84,0,0,0,0,0
Chris Hoalcraft,St. Bonaventure,C,-0.04,-0.04,3,0,0,0,0,0,0,0,0,0,0,0
Charlie Brinkman,Liberty,C,-0.04,-0.12,19,0,0,0,0.08,0,0,0,0,0,0,0
Evan Aslaksen,Stephen F. Austin,C,-0.05,-0.11,55,-0.1,0,-0.1,0.16,0,0,0,0,0,0,0
Ryker Galaska,UNC Wilmington,C,-0.05,-0.03,66,-0.1,0,-0.1,0.08,0,0,0,0,0,0,0
Nolan Rowe,Washington,C,-0.05,-0.05,1,0,0,0,0,0,0,0,0,0,0,0
Taison Miller,CSU Bakersfield,C,-0.06,-0.08,3,0,0,0,0.02,0,0,0,0,0,0,0
Carter Freeland,New Orleans,C,-0.06,-1.09,74,0.06,0,0.06,0.25,0,0.72,0,0,0,0,0
Lucas Johnson,Longwood,C,-0.06,-0.02,90,0.11,0,0.11,-0.15,0,0,0,0,0,0,0
Reese Moore,South Carolina,C,-0.06,-0.06,4,0,0,0,0,0,0,0,0,0,0,0
Brandyn Durand,Bryant,C,-0.06,-1.49,307,0.07,0.09,0.16,0.89,0,0.4,0,-0.01,0,0,0
Chris Morabito,Bucknell,C,-0.07,-0.07,5,0,0,0,0,0,0,0,0,0,0,0
Caden Sheridan,Morehead State,C,-0.07,-4.2,1051,0.37,1.47,1.84,1.74,0,0.55,0,-0.01,0,0,0
Marcus Martin,High Point,C,-0.07,-0.07,3,0,0,0,0,0,0,0,0,0,0,0
Ty O'Brien,Toledo,C,-0.08,-0.06,79,-0.24,0,-0.24,0.21,0,0,0,0,0,0,0
Alan Ramirez,San Jose State,C,-0.08,-0.09,1,0,0,0,0.01,0,0,0,0,0,0,0
Danny Leikus,Rhode Island,C,-0.08,-0.91,553,-1.02,0,-1.02,2.89,0.14,-1.29,0,0.09,0.01,0,0
Cash McDade,Baylor,C,-0.09,-0.14,25,-0.1,0,-0.1,0.16,0,0,0,0,0,0,0
Sergio DeCello,Purdue,C,-0.09,0.17,69,0.06,0,0.06,-0.29,0,0,0,-0.03,0,0,0
Nate Voss,Penn State,C,-0.09,0.62,20,-0.1,-0.46,-0.56,-0.12,0,0,0,-0.02,0,0,0
JD Crisp,Xavier,C,-0.1,-0.1,2,0,0,0,0,0,0,0,0,0,0,0
Charlie Rife,Bellarmine,C,-0.1,-0.86,31,0,0.56,0.56,0.2,0,0,0,0,0,0,0
Pierre Cabral,Jackson State,C,-0.1,-0.04,46,-0.04,0,-0.04,-0.23,0,0,0,0.21,0,0,0
Nico Button,San Diego,C,-0.11,0.26,31,0,0,0,0.17,0.05,-0.72,0.12,0,0,0,0
JT Smith,Wofford,C,-0.12,-0.28,72,-0.05,0,-0.05,0.21,0,0,0,0,0,0,0
Keon Moseni,Central Arkansas,C,-0.12,-0.09,5,-0.1,0,-0.1,0.07,0,0,0,0,0,0,0
Will Fosberg,Northeastern,C,-0.13,-1.43,649,-0.13,-0.68,-0.81,1.25,0.14,0.75,0,-0.02,0,0,0
Mason Cooper,West Georgia,C,-0.13,-0.94,687,-1.06,0,-1.06,2.42,0,-0.55,0,0,0,0,0
Jonathan Decker,Lafayette,C,-0.13,0.45,25,0,0,0,-0.58,0,0,0,0,0,0,0
Landon Parker,NJIT,C,-0.13,-0.11,7,0,0,0,0,0,0,0,-0.02,0,0,0
Noah Massey,New Mexico State,C,-0.14,-0.28,33,0,-0.04,-0.04,0.18,0,0,0,0,0,0,0
Davis Rivers,Texas Tech,C,-0.14,-0.95,56,0.06,0.56,0.62,0.19,0,0,0,0,0,0,0
Sam Schwamb,North Carolina A&T,C,-0.15,-0.35,116,-0.08,0.14,0.06,0.09,0.05,-0.01,0,0,0,0,0
Daniel Stewart,Western Kentucky,C,-0.15,-0.1,21,-0.1,0,-0.1,0.05,0,0,0,0,0,0,0
Quinn Schambow,Oklahoma State,C,0.11,0.08,24,0,0,0,0.02,0,0,0,0,0,0,0
Vinnie Van der Wel,Cal Poly,C,-0.15,-0.22,31,-0.1,0,-0.1,0.17,0,0,0,0,0,0,0
Trey Mandina,CSU Bakersfield,C,-0.16,-0.16,7,0,0,0,0,0,0,0,0,0,0,0
Evan Williams,Jacksonville State,C,-0.16,0.3,11,0,0,0,-0.47,0,0,0,0,0,0,0
Thomas Lynch,Purdue,C,-0.16,-0.06,12,0,0,0,-0.1,0,0,0,0,0,0,0
Aris Rivera,Florida International,C,-0.17,-0.17,366,-0.76,0,-0.76,1.07,-0.31,0,0,0,0,0,0
Ethan Bergan,Gonzaga,C,-0.17,-0.2,6,-0.05,0,-0.05,0.08,0,0,0,0,0,0,0
J.T. Crabbe,Saint Louis,C,-0.17,-0.09,8,-0.05,0,-0.05,-0.04,0,0,0,0,0,0,0
Anthony Chiappetta,Fairleigh Dickinson,C,-0.17,-0.61,37,-0.1,0,-0.1,0.54,0,0,0,0,0,0,0
Will Bartoli,Long Island,C,-0.18,-0.63,43,-0.2,0,-0.2,0.46,0,0.09,0,0.11,0,0,0
Michael Brunetti,Queens (NC),C,-0.18,-1.17,122,-0.39,1.28,0.89,0.12,0,0,0,-0.02,0,0,0
Logan Gregorio,Auburn,C,-0.18,-0.19,3,0,0,0,0,0,0,0,0,0,0,0
Caden Christman,Manhattan,C,-0.18,-0.69,29,-0.1,0,-0.1,0.6,0,0,0,0,0,0,0
Koa Won,Hawaii,C,-0.18,0,0,0,0,0,-0.18,0,0,0,0,0,0,0
Macaddin Dye,Old Dominion,C,-0.18,0.18,941,-1.17,0,-1.17,2.65,0.1,-1.89,0,-0.04,0,0,0
Collin Mowry,Louisville,C,-0.18,-0.71,57,0,0,0,0.53,0,0,0,0,0,0,0
Lucas Jackson,Columbia,C,-0.18,0.03,3,0,0,0,-0.21,0,0,0,0,0,0,0
Matt Dworsky,Arkansas-Pine Bluff,C,-0.19,-1.18,324,-0.49,1.27,0.78,-0.07,0.28,0,0,0,0,0,0
Anthony Elezaj,Michigan State,C,-0.19,-0.25,29,0,0,0,0.06,0,0,0,0,0,0,0
Tyler Sirchia,Dartmouth,C,-0.19,-0.19,18,-0.09,0,-0.09,0.1,0,0,0,0,0,0,0
Easton Masse,Boston College,C,-0.19,-0.02,35,0,0,0,-0.18,0,0,0,0,0,0,0
Zach Black,Mercyhurst,C,-0.19,-0.14,11,-0.05,0,-0.05,0,0,0,0,0,0,0,0
Jarrett Martin,Campbell,C,-0.2,-0.25,2,0,0,0,0.05,0,0,0,0,0,0,0
Cal Leighton,Bradley,C,-0.2,-1.02,194,-0.33,0.88,0.55,0.28,0,0,0,-0.01,0.01,0,0
Logan Murphy,Bellarmine,C,-0.21,-0.89,278,-0.13,-0.14,-0.27,0.96,0,0,0,0,0,0,0
Ashton Ross,St. Bonaventure,C,-0.21,-0.72,33,-0.05,0,-0.05,0.56,0,0,0,0,0,0,0
Brayden Gutierrez,Saint Mary's (CA),C,-0.22,-0.67,68,-0.14,0,-0.14,0.55,0.05,0,0,0,0,0,0
Andrew Costello,Wake Forest,C,-0.22,-0.28,27,0.11,0,0.11,-0.05,0,0,0,0,0,0,0
Teige Lethert,VCU,C,-0.22,-1.07,745,-0.14,-0.67,-0.81,1.37,0,0.29,0,-0.01,0.01,0,0
Cooper McKenzie,Bowling Green,C,-0.22,-0.95,238,-0.55,0,-0.55,1.74,0,-0.46,0,0,0,0,0
Brock Leitgeb,Michigan,C,-0.22,-0.1,33,0,0,0,-0.13,0,0,0,0,0,0,0
Nate Snakenborg,Nevada,C,-0.23,-0.4,153,0.23,0,0.23,-0.06,0,0,0,0,0,0,0
Zach Adams,Central Arkansas,C,-0.23,0.17,244,-0.35,-0.55,-0.9,0.84,-0.33,0,0,0,0,0,0
Evan Chadwick,Texas A&M-Corpus Christi,C,-0.24,0.14,32,-0.05,0,-0.05,-0.34,0,0,0,0,0,0,0
Thomas Sheridan,Canisius,C,-0.24,-0.8,179,-0.39,0,-0.39,1.02,0.06,-0.13,0,0,0,0,0
Kevin Spear,Washington,C,-0.24,0.02,63,0.06,0,0.06,-0.32,0,0,0,0,0,0,0
Danny Witters,Central Connecticut,C,-0.24,0.67,182,-0.55,0,-0.55,-0.35,0,0,0,-0.01,0,0,0
Chet Bowling,Winthrop,C,-0.24,-0.78,76,-0.04,0,-0.04,0.58,0,0,0,0,0,0,0
Caleb Niehaus,Indiana State,C,-0.25,-0.25,5,0,0,0,0,0,0,0,0,0,0,0
Kade Huff,Grand Canyon,C,-0.25,-0.25,23,-0.05,0,-0.05,0.05,0,0,0,0,0,0,0
Brady Dallimore,TCU,C,2.07,-0.91,409,0.33,0,0.33,2.92,-0.32,0.07,0,-0.02,0,0,0
Zan Von Schlegell,St. Thomas (MN),C,-0.26,-0.55,23,0,0,0,0.23,0.06,0,0,0,0,0,0
Parker Ivy,Lehigh,C,-0.26,-0.7,31,0.06,0,0.06,0.38,0,0,0,0,0,0,0
Sebastian Pisacreta,Pittsburgh,C,-0.26,-3.51,800,0.43,-0.29,0.14,2.97,0.11,-0.07,0,0.1,0,0,0
Angelo Aleman,Bradley,C,-0.27,-0.27,9,-0.05,0,-0.05,0.04,0,0,0,0,0,0,0
Ross Highfill,Purdue,C,-0.27,-0.76,203,0.17,0,0.17,0.33,0,0,0,0,0,0,0
Tommy Koch,UT Martin,C,-0.27,-1.72,450,-0.16,0,-0.16,1.58,0.05,0,0,-0.03,0.01,0,0
Nathan Bowes,Sacred Heart,C,-0.27,-0.23,314,-0.43,-0.35,-0.78,-0.03,0,0.68,0,0.08,0,0,0
Kyle Pettersen,UC Davis,C,-0.27,-0.93,33,-0.05,0,-0.05,0.7,0,0,0,0,0,0,0
Christian Smith,Quinnipiac,C,-0.27,-0.35,136,0.08,0,0.08,0,0,0,0,0,0,0,0
Justin Rumfield,Incarnate Word,C,-0.28,-0.15,4,0,0,0,-0.12,0,0,0,0,0,0,0
Luke Lambert,Delaware,C,-0.28,-0.43,27,-0.15,0,-0.15,0.3,0,0,0,0,0,0,0
Hunter Stencil,Illinois State,C,-0.28,0.17,59,-0.2,-0.4,-0.6,0.15,0,0,0,0,0,0,0
Gabe Juarez,East Tennessee State,C,-0.29,-0.43,146,-0.1,0,-0.1,0.25,0,0,0,0,0,0,0
Karson Evans,New Orleans,C,-0.3,-0.78,193,-0.13,-0.04,-0.17,0.04,0,0.6,0,0,0,0,0
Mitchell Morton,Xavier,C,-0.3,-1.23,141,0.18,0,0.18,0.72,0.04,0,-0.01,0,0,0,0
Wilmer Cuevas,Alabama A&M,C,-0.3,0.02,167,-0.4,0,-0.4,0.07,0,0,0,0,0.01,0,0
Dawson Walls,Oral Roberts,C,-0.3,-0.33,34,0,0,0,0.03,0,0,0,0,0,0,0
Will Christopher,Stonehill,C,-0.3,-0.3,10,0,0,0,0,0,0,0,0,0,0,0
Colin Blanchard,TCU,C,0.75,0.23,16,0,0,0,0.52,0,0,0,0,0,0,0
Nathan Sofield,Presbyterian,C,-0.31,-0.26,6,-0.05,0,-0.05,0,0,0,0,0,0,0,0
Noah Brooks,Siena,C,-0.31,0.12,162,-0.02,0,-0.02,-0.39,0,0,0,-0.02,0,0,0
Ryan Kolben,UMass,C,-0.32,-0.4,900,-0.2,0,-0.2,-0.6,-0.21,1.11,0,-0.02,0,0,0
Gage Adams,San Diego State,C,-0.32,-0.44,151,-0.35,0,-0.35,0.47,0,0,0,0,0,0,0
Daniel Contreras,Illinois,C,-0.33,-3.38,458,-0.13,1.28,1.15,1.68,0.08,0.15,0,-0.02,0,0,0
Brian Carrothers,St. Bonaventure,C,-0.33,-0.1,16,-0.2,0,-0.2,-0.02,0,-0.01,0,0,0,0,0
Ryan Jones,Akron,C,-0.33,-0.69,126,0.07,0,0.07,0.29,0,0,0,-0.01,0,0,0
Mason Palermo,Oakland,C,-0.34,-1.4,130,-0.19,0,-0.19,1.24,0,0,0,0,0,0,0
Will Smoot,Illinois-Chicago,C,-0.35,-0.74,57,-0.45,0,-0.45,0.84,0,0,0,0,0,0,0
Alex Gamboa,Loyola Marymount,C,-0.35,-0.41,14,0,0,0,0.06,0,0,0,0,0,0,0
Mac McCommons,Navy,C,-0.36,-0.11,15,0,0,0,-0.25,0,0,0,0,0,0,0
Hogan Garner,College of Charleston,C,-0.37,0.23,13,0,0,0,-0.6,0,0,0,0,0,0,0
Ian Collier,Florida Atlantic,C,-0.37,-5.23,650,-0.94,0.56,-0.38,4.78,0.26,0.09,0,0.11,0,0,0
Luke Landrus,Illinois,C,-0.37,0,6,-0.05,0,-0.05,-0.32,0,0,0,0,0,0,0
Aaron Orozco,Charlotte,C,-0.37,-0.29,184,-0.14,0,-0.14,0,0.1,0,0,-0.04,0,0,0
Brandon Davis,Georgia State,C,-0.38,0,0,0,0,0,-0.38,0,0,0,0,0,0,0
JJ Kennett,Baylor,C,-0.39,-4.43,776,0.16,0.74,0.9,4.21,-0.31,-0.39,0,0,-0.38,0,0
John Austin Wood,North Alabama,C,-0.39,-0.33,25,-0.2,0,-0.2,0.14,0,0,0,0,0,0,0
Wilfred Gonzalez,FGCU,C,-0.39,-0.05,31,-0.05,0,-0.05,-0.28,0,0,0,0,0,0,0
Declan Spooner,St. John's,C,-0.39,-0.32,40,-0.05,0,-0.05,-0.02,0,0,0,0,0,0,0
Drue Saenz,Southern Indiana,C,-0.39,0.95,666,-0.58,1.17,0.59,-1.73,0,-0.21,0,0,0.01,0,0
Eric Fouraker,North Florida,C,-0.41,-0.71,42,-0.05,0,-0.05,0.35,0,0,0,0,0,0,0
Jack Arcamone,Georgia,C,-0.41,-0.06,31,0,0,0,-0.35,0,0,0,0,0,0,0
Dominick Inzilla,Wagner,C,-0.41,-0.06,8,0,0,0,-0.33,0,0,0,-0.02,0,0,0
Nicholas Solorzano,UMass Lowell,C,-0.41,-0.23,676,-0.35,0,-0.35,0.19,0.04,0,0,-0.06,0,0,0
Cooper Smith,Utah Tech,C,-0.41,-0.32,41,0.06,0,0.06,-0.15,0,0,0,0,0,0,0
Thomas O’Connell,Virginia,C,-0.42,-1.7,273,0.08,0,0.08,0.79,0.29,0,0,0.12,0,0,0
Branston Lindquist,Toledo,C,-0.42,-0.16,3,0,0,0,-0.25,0,0,0,0,0,0,0
Miken Miller,Nebraska,C,-0.42,-0.61,32,-0.05,0,-0.05,0.24,0,0,0,0,0,0,0
Tristan Crane,Eastern Michigan,C,-0.43,-0.21,28,0.06,0,0.06,-0.4,0,0,0,0.12,0,0,0
Dominic Archila,Wichita State,C,-0.44,0.07,87,-0.04,0,-0.04,-0.47,0,0,0,0,0,0,0
Andrew Stucky,UTSA,C,-0.45,-5.16,895,-0.22,0,-0.22,4.73,0.15,0.06,0,-0.01,0,0,0
Braxton Templin,Georgetown,C,-0.45,-0.04,5,0,0,0,-0.41,0,0,0,0,0,0,0
Joe Perri,Albany,C,-0.45,-0.59,109,-0.4,0,-0.4,0.54,0,0,0,0,0,0,0
Avery Smith,Penn State,C,-0.46,-2.55,756,-0.17,0.88,0.71,1.53,0,-0.15,0,-0.01,0,0,0
Owen Arias,Central Connecticut,C,-0.47,0.24,129,-0.38,-0.72,-1.1,0.19,0,0.18,0,0,0.01,0,0
Simon Scharff,Lipscomb,C,-0.47,-2.22,306,-0.43,-0.92,-1.35,2.13,0,0.97,0,0,0.01,0,0
Cam Righi,Connecticut,C,-0.47,0.15,146,-0.2,0,-0.2,-0.13,0,0.1,0,-0.01,-0.38,0,0
Kaleb Wilkey,Evansville,C,-0.48,-2.06,125,0.17,0,0.17,1.38,0.03,0,0,0,0,0,0
Joey Calabretti,St. Bonaventure,C,-0.49,-0.34,6,-0.15,0,-0.15,0,0,0,0,0,0,0,0
Dom Camera,Fairfield,C,-0.5,-0.69,207,0.01,0.52,0.53,-0.32,0,0,0,-0.01,0,0,0
Dom Kibler,Milwaukee,C,-0.5,0.34,564,-0.07,-0.26,-0.33,-0.93,0.18,0.26,0,-0.03,0.01,0,0
Charlie Cochran,North Alabama,C,-0.51,-0.42,93,-0.04,0,-0.04,-0.05,0,0,0,0,0,0,0
Camden Clewett,Baylor,C,-0.51,-0.51,12,0,0,0,0,0,0,0,0,0,0,0
Connor Mendell,Northern Illinois,C,-0.51,-0.61,166,-0.24,0,-0.24,0.22,0,0.12,0,0,0,0,0
Kyle Stephens,Albany,C,-0.51,-1.01,150,-0.21,0,-0.21,0.71,0,0,0,0,0,0,0
Brennen Barczai,Coppin State,C,-0.52,-0.58,33,-0.05,0,-0.05,0.11,0,0,0,0,0,0,0
Carter Richey,Villanova,C,-0.52,-0.63,77,-0.1,0,-0.1,0.2,0,0,0,0,0,0,0
Luke Babcock,Mercyhurst,C,-0.54,-1.11,662,-1.36,0,-1.36,2.3,-0.27,-0.06,0,-0.04,0,0,0
Russ Filter,Santa Clara,C,-0.55,-0.48,22,-0.05,0,-0.05,-0.02,0,0,0,0,0,0,0
Vidal Colon,Illinois-Chicago,C,-0.59,0.14,159,0.08,0,0.08,-0.59,0.04,-0.24,-0.02,0,0,0,0
Nolan Traeger,TCU,C,2.9,-1.22,790,-0.24,-0.04,-0.28,4.19,0.05,0.15,0,0,0,0,0
Cal Chance,UMass Lowell,C,-0.6,-0.71,72,-0.04,0,-0.04,0.15,0,0,0,0,0,0,0
Noah Canter,Pacific,C,-0.6,-0.84,53,-0.04,0,-0.04,0.28,0,0,0,0,0,0,0
Kyle McKernan,Lafayette,C,-0.6,-2.16,244,-0.46,0.88,0.42,1.02,0.12,0,0,-0.01,0,0,0
Brady Whitacre,Radford,C,-0.61,0.36,292,-0.09,0,-0.09,-0.74,0.08,-0.19,0,-0.03,0,0,0
Carlos Diaz,Western Carolina,C,-0.62,-0.75,46,0.01,0,0.01,0.12,0,0,0,0,0,0,0
Andrew Ermis,Texas,C,2.19,1.76,151,0.12,0,0.12,0.31,0,0,0,0,0,0,0
Ryan Schummer,Youngstown State,C,-0.63,-0.36,124,-0.24,0,-0.24,-0.03,0,0,0,0,0,0,0
Jace Gilligan,Saint Peter's,C,-0.63,-0.13,43,0.01,0,0.01,-0.51,0,0,0,0,0,0,0
Korbin Reynolds,Vanderbilt,C,-0.64,-5.16,1097,0.66,0,0.66,3.8,0.06,-0.02,0,0,0.01,0,0
Sean Marlow,St. Thomas (MN),C,-0.64,-0.38,23,-0.1,0,-0.1,-0.16,0,0,0,0,0,0,0
Dallas Brooks,UCF,C,-0.65,-1.32,78,-0.05,0,-0.05,0.72,0,0,0,0,0,0,0
Brady Luyben,San Francisco,C,-0.66,-0.81,73,-0.05,0,-0.05,0.18,0,0.02,0,0,0,0,0
Carson Tinney,Texas,C,14.54,8.06,1079,0.18,0,0.18,5.94,0.24,0.1,0,-0.01,0.02,0,0
Jack Kleveno,Utah,C,-0.66,-4.31,494,0.52,0,0.52,2.93,0,0.2,0,0,0,0,0
Jake Suarez,Davidson,C,-0.68,0.07,23,-0.1,0,-0.1,-0.65,0,0,0,0,0,0,0
Phillips Daniels,The Citadel,C,-0.68,-1.67,740,0.45,0,0.45,-0.14,0.15,0.54,0,0,0,0,0
Nico Ong,UMBC,C,-0.69,-1.26,195,0.02,0,0.02,0.55,0,0,0,0,0,0,0
Chris Cancel,Connecticut,C,-0.74,-1.17,363,-0.11,0,-0.11,0.29,0.05,0.23,-0.02,-0.02,0,0,0
Marcus Galvan,Grand Canyon,C,-0.74,-2.34,272,-0.3,-0.26,-0.56,2.16,0,0,0,0,0,0,0
Tagger Tyson,Kentucky,C,-0.74,0.01,372,-0.27,0,-0.27,-0.23,0,-0.24,0,0,0,0,0
Hayden Perry,Samford,C,-0.75,-1.67,117,-0.08,-0.26,-0.34,1.26,0,0,0,0,0,0,0
Dylan Simeone,Wagner,C,-0.75,-0.39,73,0.07,0,0.07,-0.43,0,0,0,0,0,0,0
Carson Hodges,The Citadel,C,-0.76,-0.7,54,0.11,0,0.11,-0.17,0,0,0,0,0,0,0
Steve Polizzi,Saint Peter's,C,-0.76,-0.95,829,-2.08,0.1,-1.98,2.4,-0.34,0.15,-0.02,-0.01,0,0,0
Alex Duffey,Kentucky,C,-0.77,-0.8,30,-0.1,0,-0.1,0.13,0,0,0,0,0,0,0
Brayden Hromada,Quinnipiac,C,-0.77,-0.62,118,-0.08,0,-0.08,0.26,0,-0.33,0,0,0,0,0
Alexandre Giguère,Washington State,C,-0.78,-1.32,243,-0.12,0,-0.12,1.68,0,-1.02,0,0,0,0,0
Jake Bennett,Dallas Baptist,C,-0.78,-0.99,35,0,0,0,0.22,0,0,0,0,0,0,0
Nate Manley,Wright State,C,-0.78,-0.72,330,-0.73,0.31,-0.42,0.58,-0.18,0,0,-0.03,0,0,0
Jack McMullan,Longwood,C,-0.79,-2.49,795,-0.27,0,-0.27,2.27,0.25,-0.54,0,0,0,0,0
Bowen Tabola,Missouri State,C,-0.79,-0.56,29,0.01,0,0.01,-0.24,0,0,0,0,0,0,0
Tyler Phillips,Eastern Kentucky,C,-0.79,-0.39,151,-0.23,0,-0.23,0.47,-0.27,0,0,0,-0.38,0,0
Derek Diaz,Le Moyne,C,-0.79,0.1,22,0,0,0,-0.89,0,0,0,0,0,0,0
Boyce Read,VCU,C,-0.79,-0.85,23,0,0,0,0.06,0,0,0,0,0,0,0
DJ Scheumann,Ball State,C,-0.8,-0.23,68,-0.1,0,-0.1,-0.47,0,0,0,0,0,0,0
Mason Wilson,UCF,C,-0.85,-0.81,21,0,0,0,-0.04,0,0,0,0,0,0,0
Nick Spaner,Holy Cross,C,-0.85,-0.55,30,-0.1,0,-0.1,-0.2,0,0,0,0,0,0,0
Gavin Bogdanchik,Elon,C,-0.86,-3.15,421,-0.44,0,-0.44,2.68,0.05,0.02,-0.02,0,0,0,0
Bryce Miller,Yale,C,-0.87,-3.04,524,-0.14,1.19,1.05,-0.19,0.13,1.2,0,-0.01,0,0,0
Mack Whitcomb,Vanderbilt,C,-0.88,-0.53,135,-0.15,0,-0.15,-0.2,0,0,0,0,0,0,0
Presley Courville,Texas,C,-0.62,-0.81,45,0,0,0,0.19,0,0,0,0,0,0,0
Cade Arrambide,LSU,C,-0.91,-3.29,851,0.18,0.74,0.92,2.1,-1.32,0.72,-0.01,-0.03,0,0,0
Matthew Cash,Jacksonville State,C,-0.91,-0.72,109,0.22,0,0.22,0.34,0.03,0,0,-0.02,-0.76,0,0
Taylor Belza,Auburn,C,-0.92,-0.84,39,0,0,0,-0.26,0,0.18,0,0,0,0,0
Andrew Lamb,USC,C,-0.31,-0.31,6,0,0,0,0,0,0,0,0,0,0,0
Teddy Ruffner,Youngstown State,C,-0.93,0.22,264,-0.37,0.52,0.15,-0.86,0.13,-0.56,0,0,0,0,0
Oliver Service,Marshall,C,-0.94,-0.6,27,-0.05,0,-0.05,-0.29,0,0,0,0,0,0,0
Ayden Hadley,Sacramento State,C,-0.94,-1.82,186,-0.08,0,-0.08,1.18,0,-0.22,0,0,0,0,0
Troy Osborne,Portland,C,-0.96,0.02,147,0.28,0,0.28,-1.24,0,0,0,-0.01,0,0,0
Will Brooks,Davidson,C,-0.96,-1.64,573,-0.24,0,-0.24,0.74,0,0.18,0,-0.01,0,0,0
Witt Scafidi,William & Mary,C,-0.97,-3.09,640,-0.39,0,-0.39,2.91,-0.39,0,0,0,0,0,0
Luke Evenson,South Dakota State,C,-0.97,-2.75,193,-0.29,0.31,0.02,1.67,0.03,0.07,0,0,0,0,0
Josh Bullock,Saint Peter's,C,-0.97,-0.74,68,-0.14,0,-0.14,-0.16,0.06,0,0,0,0,0,0
Jake Paulick,Northern Kentucky,C,-0.98,-0.06,699,0.33,0,0.33,-0.55,0,-0.3,0,-0.02,-0.38,0,0
Ryan Schwartz,Kentucky,C,-0.98,-0.58,110,-0.5,0,-0.5,-0.89,0,0.99,0,0,0,0,0
Zane Becker,Texas A&M,C,-0.99,-0.78,71,-0.1,0,-0.1,-0.1,0,0,0,0,0,0,0
Sam Bond,Northern Kentucky,C,-0.99,-0.56,19,-0.2,0,-0.2,-0.23,0,0,0,0,0,0,0
Moises Rosario,Southeast Missouri,C,-0.99,-1.18,349,-0.22,0.56,0.34,1.18,0,-1.32,0,0,0,0,0
Jayton Greer,San Diego,C,-1.03,-1.29,117,-0.25,0,-0.25,0.52,0,0,0,-0.01,0,0,0
Gavin Brewer,Cincinnati,C,-1.06,-0.26,37,-0.1,0,-0.1,-0.8,0.1,0,0,0,0,0,0
Evan Holstein,Kennesaw State,C,-1.07,-0.32,40,-0.1,-0.72,-0.82,0.05,0,0,0,0,0.01,0,0
Diego Davis,Pacific,C,-1.08,-2.54,1070,-0.27,0.37,0.1,1.3,0.03,0.06,0,-0.04,0.01,0,0
Nick Lundquist,Stonehill,C,-1.09,-0.44,170,-0.54,0.31,-0.23,-0.06,-0.33,0,0,-0.02,0,0,0
Enrico Carrion,Incarnate Word,C,-1.09,-0.89,231,-0.24,0,-0.24,0.04,0,0,0,0,0,0,0
Zach Crandall,UC Irvine,C,-1.13,-0.79,270,-0.09,0,-0.09,-0.32,0.06,0,0,0,0,0,0
Colin Barczi,Vanderbilt,C,-1.14,-0.08,84,0.11,0,0.11,-1.17,0,0,0,0,0,0,0
Vincent Gamberdella,San Jose State,C,-1.15,-1.17,47,-0.04,0,-0.04,0.16,0,-0.1,0,0,0,0,0
Elijah Rodriguez,Texas Southern,C,-1.17,-0.95,323,0.25,0,0.25,0.46,0,-0.55,0,0,-0.38,0,0
Breck Romero,Western Illinois,C,-1.18,-1.59,95,0.03,0,0.03,0.39,0,0,0,0,0,0,0
Franklin Pichardo Jr.,Maryland,C,-1.19,-2.22,121,0.02,0,0.02,1.02,0,0,0,0,0,0,0
Caden Sammler,Florida International,C,-1.2,-1.07,484,-0.34,1.28,0.94,-1.06,0,0,0,0,0,0,0
Alejandro Ludeiro,Lipscomb,C,-1.21,-3.93,586,0.57,0,0.57,2.36,0.1,-0.33,0,0,0.01,0,0
Mikey Vanderheyden,Houston,C,-1.22,-0.75,83,-0.14,0,-0.14,-0.09,-0.24,0,0,0,0,0,0
Grant Mangrum,Ohio State,C,-1.24,-0.67,518,-0.32,-1.2,-1.52,1.12,0,-0.16,0,-0.02,0,0,0
Noah Bright,Michigan State,C,-1.25,-0.94,498,-1.16,-0.04,-1.2,0.28,0.49,0,0,0.12,0,0,0
Danny Perez,Stetson,C,-1.26,-1.14,66,-0.24,0,-0.24,0.12,0,0,0,0,0,0,0
Fabian Santana,Alabama State,C,-1.27,-1.23,188,-0.08,0,-0.08,0.24,0,-0.2,0,0,0,0,0
Eric Wainwright,Maine,C,-1.27,-0.51,74,-0.08,0,-0.08,-0.56,0,-0.11,0,0,0,0,0
Travis Church,Marist,C,-1.28,-1.25,54,0.06,0,0.06,-0.11,0,0,0,0,0.01,0,0
Krayton Morse,Western Illinois,C,-1.29,-0.58,891,-1.08,0,-1.08,1.11,-0.18,-0.6,-0.02,0.06,0,0,0
Mykah Pelzer,Delaware State,C,-1.29,-0.12,172,-0.53,0,-0.53,-0.3,-0.34,0,0,0,0,0,0
Zak Skinner,UCF,C,-1.29,-6.08,1150,-0.68,1.8,1.12,3.35,0,0.21,0,0.1,0,0,0
Zach Mazoch,UT Arlington,C,-1.3,-0.58,75,-0.2,-0.68,-0.88,0.16,0,0,0,0,0,0,0
Joe Crenshaw,Richmond,C,-1.32,-1.36,34,-0.05,0,-0.05,0.09,0,0,0,0,0,0,0
Kyle Hepburn,SIUE,C,-1.32,-1.07,49,0.01,0,0.01,-0.39,0.13,0,0,0,0,0,0
Parker Zeiser,Mercyhurst,C,-1.34,-0.66,238,-0.31,0.08,-0.23,-0.17,0,-0.27,0,0,0,0,0
Tanner Berry,UNC Greensboro,C,-1.35,-4.05,658,0.41,0,0.41,2.29,0,0,0,0,0,0,0
Robbie Lavey,George Washington,C,-1.35,-4.45,1168,0.87,0.29,1.16,2,0.1,-0.15,0,0,0,0,0
Adrien Mendoza,Alabama State,C,-1.38,-1.46,125,0.06,-0.14,-0.08,0.21,0.02,0,0,-0.07,0,0,0
Isaac Cadena,USC,C,3.03,2.74,842,0.09,0,0.09,0.09,0.1,0.01,0,0,0,0,0
Mark Rutherford,Dayton,C,-1.42,-0.23,143,-0.2,0,-0.2,-0.99,0,0,0,0,0,0,0
Brady McAbee,Memphis,C,-1.45,-3.07,335,-0.64,0,-0.64,2.26,0,0,0,0,0,0,0
Isaiah Ibarra,USC,C,1.19,1.11,113,0,0,0,-0.02,0,0.09,0,0,0,0,0
Ty Denton,Tennessee Tech,C,-1.48,-1.2,178,-0.29,0,-0.29,0.42,0,-0.41,0,0,0,0,0
Owen Jenkins,Kentucky,C,-1.51,0.34,738,-0.31,0.24,-0.07,-1.51,0,-0.23,0,-0.03,0,0,0
John Chalus,Mercyhurst,C,-1.53,-0.97,181,-0.6,0,-0.6,0.14,0,-0.09,0,0,0,0,0
Brendan Burke,San Francisco,C,-1.54,-3.42,438,0.6,-0.26,0.34,1.38,0,0.17,0,0,0,0,0
Jason Jelic,Xavier,C,-1.57,-1.82,133,-0.09,0,-0.09,0.52,-0.2,0.02,0,0,0,0,0
Angel Garcia,Coppin State,C,-1.62,-0.27,50,-0.2,0,-0.2,0.04,0,-1.19,0,0,0,0,0
Luke Nascimento,Bucknell,C,-1.65,0.11,149,-0.24,0,-0.24,-1.16,-0.36,0,0,0,0,0,0
Matous Bubenik,UNC Wilmington,C,-1.67,-2.02,209,-0.17,0,-0.17,0.79,-0.27,0,0,0,0,0,0
Adrian Vallescorbo,Alcorn State,C,-1.68,-3.19,247,-0.34,0,-0.34,1.84,0,0,0,0,0.01,0,0
Blake Eckerle,Utah,C,-1.69,-2.29,206,-0.05,0,-0.05,0.66,0,0,0,0,0,0,0
Ryan Strnad,Seton Hall,C,-1.71,-2.15,328,-0.17,0,-0.17,1.17,0,-0.54,0,-0.02,0,0,0
Dillon Jennings,Rider,C,-1.72,-1.65,142,-0.19,0,-0.19,0.13,0,0,0,0,0,0,0
Tyler Minnick,Middle Tennessee,C,-1.74,-4.52,997,0.45,0.42,0.87,2.27,0.04,-0.51,0,0.12,0,0,0
Chavis Conceicao,Iona,C,-1.75,-2.26,367,-0.04,0,-0.04,0.51,0,0.05,0,0,0,0,0
Rylen Stockton,Maryland,C,-1.76,-4.65,696,0.05,-0.31,-0.26,2.97,0,0.2,0,-0.03,0.01,0,0
Andreaus Lewis,Manhattan,C,-1.76,0.11,506,-0.96,0.68,-0.28,-1.33,-0.23,-0.03,0,0,0,0,0
Macon Winslow,North Carolina,C,-1.77,-2.26,775,0.68,1.12,1.8,-0.76,0.35,-0.89,-0.01,0,0.01,0,0
Joey Baran,Pittsburgh,C,-1.78,-3.74,405,0.14,0,0.14,1.82,0,0,0,0,0,0,0
Scott Esposito,Marist,C,-1.79,-0.87,401,-0.65,-1.02,-1.67,1,0,-0.24,0,-0.02,0.01,0,0
Devin Russell,Maryland,C,-1.8,-2.04,531,0.08,1.52,1.6,-0.08,-1.7,0.43,-0.01,0,0.01,0,0
Caden Young,Fordham,C,-1.82,0.34,119,0.01,-0.57,-0.56,-0.74,-0.3,-0.56,0,-0.01,0,0,0
Micajah Wall,Southern Indiana,C,-1.84,-0.29,705,-0.19,0.88,0.69,-1.95,0.04,-0.33,-0.01,0,0,0,0
Jonathan Gonzalez-Perez,UMES,C,-1.87,-1.23,1036,-0.55,-0.31,-0.86,1.09,0.03,-0.91,0,-0.03,0.04,0,0
Zach Anderson,Binghamton,C,-1.88,-0.63,310,-0.27,-0.14,-0.41,-0.52,-0.32,0,0,0,0,0,0
Eli Burnham,UC Davis,C,-1.88,-2.77,412,0.48,0.45,0.93,0.33,0,-0.36,0,0,0,0,0
Easton Romero,Murray State,C,-1.88,-0.56,100,-0.04,0,-0.04,-1.28,0,0,0,0,0,0,0
Shane Miranda,Notre Dame,C,-1.89,-2.53,94,-0.09,0,-0.09,0.67,0.07,0,0,0,0,0,0
Colten Payton,UT Martin,C,-1.92,-4.79,558,-0.08,-0.51,-0.59,3.5,0,-0.04,0,0,0,0,0
Robert Wegrzyn,Le Moyne,C,-1.92,-0.71,548,0.2,0,0.2,-1.33,0,-0.08,0,0,0,0,0
Sean Britt,St. John's,C,-1.93,-4,369,-0.15,0,-0.15,1.15,0,1.06,0,0,0.01,0,0
David Stokely,Mount St. Mary's,C,-1.94,-2.79,139,-0.05,0,-0.05,0.9,0,0,0,0,0,0,0
Cooper Tarantino,Northeastern,C,-1.96,0.49,625,-0.55,0,-0.55,-2.45,0.39,0.16,0,0,0,0,0
David Bell,West Georgia,C,-1.97,-2.36,232,-0.5,0,-0.5,0.88,0,0,0,0,0,0,0
Mason Reising,Charleston Southern,C,-1.98,-1.69,210,0.12,0,0.12,-0.41,0,0,0,0,0,0,0
LT Cockrill,Delaware,C,-1.98,-7.21,868,-0.36,1.65,1.29,3.84,0.04,-0.04,0,0.09,0,0,0
Dominic Brancel,Harvard,C,-1.99,-1.27,135,-0.5,0,-0.5,-0.31,0.07,0.02,-0.01,0,0,0,0
Christian Knight,Wagner,C,-2,0.08,143,-0.53,0,-0.53,-1.54,0,0,0,-0.01,0,0,0
Mitchel Szymczak,Akron,C,-2.03,-3.51,563,0.39,-0.94,-0.55,1.57,0.17,0.23,-0.01,0.07,0,0,0
Ryan Hoeft,Norfolk State,C,-2.06,0.44,226,-0.89,0,-0.89,-1.61,0,0,0,0,0,0,0
Dane Woodcook,New Mexico State,C,-2.06,-4.29,727,0.21,-0.22,-0.01,2.44,-0.18,0,0,-0.01,0,0,0
Easton Culp,Lamar,C,-2.07,-3.14,248,0.14,0,0.14,1.39,0,-0.46,0,0,0,0,0
Evan Gustafson,North Dakota State,C,-2.07,-2.9,252,-0.42,0,-0.42,1.02,0.23,0,0,0,0,0,0
Cole Campbell,NJIT,C,-2.08,-0.97,749,-0.68,0.27,-0.41,-0.87,0,0.05,0,0.12,0,0,0
Luke Melton,Eastern Illinois,C,-2.11,-2.47,277,-0.22,0,-0.22,0.48,0,0.1,0,0,0,0,0
Ian Lindsay,Presbyterian,C,-2.12,-1.05,63,-0.1,0,-0.1,-0.97,0,0,0,0,0,0,0
Owen Anderson,Eastern Illinois,C,-2.13,-1.43,56,-0.55,0,-0.55,-0.16,0,0,0,0,0,0,0
Landon Springmeyer,Northern Kentucky,C,-2.14,-1.72,330,-0.04,0,-0.04,-0.41,0.02,0,0,0,0,0,0
Dylan Zdunek,Princeton,C,-2.15,-2.19,87,-0.5,0,-0.5,0.54,0,0,0,0,0,0,0
Brandon Clizbe,New Mexico State,C,-2.18,-4.02,529,-0.19,1.12,0.93,0.67,0,0.24,0,0,0,0,0
Aidan Camberg,Pepperdine,C,-2.26,-0.93,225,-0.29,0,-0.29,-1.04,0,0,0,0,0,0,0
Vincent Cowdrey,George Mason,C,-2.27,-2.29,436,-0.26,-0.66,-0.92,0.96,0,0,0,-0.02,0,0,0
Anthony Temesvary,Columbia,C,-2.28,-1.64,97,-0.35,0.48,0.13,-0.54,0,-0.23,0,0,0,0,0
Kevin Krill,Eastern Michigan,C,-2.29,-2.85,58,0.11,0,0.11,0.45,0,0,0,0,0,0,0
Will Barter,Maine,C,-2.3,-2.19,90,-0.19,0,-0.19,0.09,0,0,0,0,0,0,0
Enzo Infelise,Cincinnati,C,-2.35,-2.43,311,0.21,0,0.21,-0.13,0.09,-0.1,0,0,0,0,0
Jake Pineda,Army,C,-2.36,-1.19,200,0.46,0,0.46,-1.59,0.06,-0.09,0,0,0,0,0
Carter Jorissen,CSU Bakersfield,C,-2.38,-4.04,405,0.36,0.86,1.22,1.17,0.03,-0.76,0,0,0,0,0
Ty Burns,Mississippi Valley,C,-2.4,-1.79,212,-0.41,0.6,0.19,-0.12,0.1,0,0,-0.02,-0.76,0,0
Will Briggs,UMass,C,-2.44,0.21,233,-0.17,-0.68,-0.85,-1.52,-0.27,0,0,0,0,0,0
Spike Magill,Evansville,C,-2.45,-7.54,1012,0.47,-0.31,0.16,4.62,0.1,0.21,0,0,0,0,0
Vince Libretto,Lafayette,C,-2.45,-1.07,71,-0.2,0,-0.2,-0.58,0,-0.6,0,0,0,0,0
Hank Smith,West Georgia,C,-2.5,-2.82,403,-0.53,-0.71,-1.24,0.57,0.05,0.94,0,0,0,0,0
Koen Carston,Santa Clara,C,-2.52,-1.67,219,-0.14,0,-0.14,-0.52,-0.31,0,0,0.11,0,0,0
Logan Keilen,Central Michigan,C,-2.53,-3.33,619,0.28,-0.68,-0.4,1.47,0,-0.22,0,-0.05,0,0,0
Coleman McGinnis,UNC Asheville,C,-2.58,-5.67,528,0.37,-0.41,-0.04,2.89,-0.14,0.26,0,0.12,0,0,0
Joey Spence,Milwaukee,C,-2.62,-0.81,623,-0.08,-0.14,-0.22,-0.71,0,-0.84,0,-0.03,0,0,0
Nick Weaver,Eastern Michigan,C,-2.63,-4.44,991,1.2,-0.97,0.23,0.41,0,1.19,0,-0.02,0,0,0
Nate Wachter,South Dakota State,C,-2.63,-4.77,474,-0.3,0,-0.3,2.29,0.14,0.02,-0.01,0,0,0,0
Richard Tejada,USC,C,1.78,-0.26,600,0.01,-0.14,-0.13,2.04,0.13,0,0,0,0,0,0
Weber Neels,Minnesota,C,-2.67,-4.03,741,-0.24,0.48,0.24,1.82,0.04,-0.7,0,-0.03,0,0,0
AJ Marchetti,Tennessee Tech,C,-2.69,-2.05,140,-0.04,0,-0.04,-0.8,-0.35,0.58,-0.02,0,0,0,0
Colin Horneman,Eastern Illinois,C,-2.69,-1.64,232,-0.3,0,-0.3,-0.71,0,0,0,-0.03,0,0,0
Anthony DeCeasare,Delaware,C,-2.7,-2.58,445,-0.67,0.14,-0.53,0.41,0,0,0,0,0,0,0
Jack Edmunds,Brown,C,-2.72,-2.91,415,-0.42,0,-0.42,0.61,0,0,0,0,0,0,0
Noah Jouras,Virginia,C,-2.73,-2.34,300,-0.28,0,-0.28,-0.11,0,0,0,0,0,0,0
Tyler Smith,North Carolina A&T,C,-2.84,-0.43,96,-0.74,-0.26,-1,-0.81,0,-0.6,0,0,0,0,0
Trae Cassidy,Memphis,C,-2.87,-6.61,1071,-0.19,0.88,0.69,2.82,0,0.14,0,0.08,0,0,0
Drew McGowan,Marist,C,-2.88,-1.93,270,-0.42,0,-0.42,-0.21,0,-0.33,0,0,0,0,0
Silas Shaffer,Eastern Kentucky,C,-2.92,-4.06,554,-0.23,-0.12,-0.35,1.93,0.17,-0.57,0,-0.05,0,0,0
Nick DeLisi,Jacksonville,C,-2.98,-1.78,261,-0.17,-1.02,-1.19,0.01,0,0,0,-0.02,0,0,0
Aidan Paradine,Siena,C,-3,-2.87,677,-0.03,-0.31,-0.34,0.14,0.03,0.06,-0.02,0,0,0,0
Evan Holman,Old Dominion,C,-3.07,-2.1,238,-0.01,0,-0.01,0.02,0,-0.99,0,0,0,0,0
Caleb King,Delaware State,C,-3.12,-0.62,698,-1.16,-1.1,-2.26,-0.26,0.1,0.08,0,0.22,-0.38,0,0
Brendan Timmons,Delaware State,C,-3.19,-2.1,188,-0.74,0,-0.74,-0.01,0,-0.35,0,0,0,0,0
Derek Paris,UMBC,C,-3.22,-6.41,714,-0.18,1.88,1.7,0.55,0.24,0.59,0,0.11,0,0,0
Shane Andrus,Maine,C,-3.27,-3.75,740,-1.13,-0.14,-1.27,0.68,0.12,0.96,0,0,0,0,0
Derek Smith,Utah,C,-3.31,-6.78,615,0.57,-0.11,0.46,3.24,0,-0.21,0,-0.02,0,0,0
Caden Miller,Indiana State,C,-3.34,-4.2,355,0.06,0.31,0.37,0.96,-0.26,-0.19,0,-0.02,0,0,0
Hunter Azemar,Texas A&M-Corpus Christi,C,-3.39,-2.28,654,0.11,0,0.11,-0.94,0,-0.28,0,-0.01,0.01,0,0
Bear Madliak,Kansas State,C,-3.47,-3.2,968,0.39,0.43,0.82,-0.13,0.1,-1,0,-0.05,0,0,0
Jake Radosevich,Lindenwood,C,-3.5,-3.82,319,-0.62,0,-0.62,0.6,0.11,0.12,0,0.1,0,0,0
Andrew Marquis,Wagner,C,-3.63,-4.27,265,0.05,0,0.05,0.6,0,0,0,-0.02,0,0,0
Scott Donahue,UMass Lowell,C,-3.65,-2.62,435,0.11,0.32,0.43,-1.46,0,-0.08,0,0.07,0,0,0
Matthew Graveline,West Virginia,C,-3.8,-5.25,704,-0.41,-0.14,-0.55,0.86,0.3,0.84,0,0,0,0,0
Brandon Stinson,Prairie View,C,-3.92,-2.54,156,-0.55,0,-0.55,-0.83,0,0,0,0,0,0,0
Thomas Curry,Illinois-Chicago,C,-3.95,-8.58,993,0.78,0,0.78,3.99,0,-0.15,0,0,0.01,0,0
Caden Mason,Presbyterian,C,-3.99,-3.13,534,-0.19,0,-0.19,-1.41,-0.15,0.9,0,0,0,0,0
Gavin Taylor,UNLV,C,-3.99,-1.07,587,-1.25,0,-1.25,-0.82,-0.67,-0.18,0,0,0,0,0
Cullen Box,UT Martin,C,-4.12,-1.43,217,0.01,0,0.01,-2.7,0,0,0,0,0,0,0
Anderson French,Virginia Tech,C,-0.6,-1.53,240,-0.25,0,-0.25,0.91,0,0.27,0,0,0,0,0
George Baker,Louisville,C,-4.33,-5.34,404,0.46,-1.1,-0.64,1.63,0.07,-0.03,-0.01,-0.02,0,0,0
Cole Constable,Quinnipiac,C,-4.49,-3.55,736,-0.48,0.88,0.4,-1.05,-0.64,0.36,0,0,0,0,0
Layton Hyneman,Presbyterian,C,-4.52,-3.74,376,-0.3,0,-0.3,-0.44,0,0,0,-0.04,0,0,0
Brendan Fritch,Davidson,C,-4.55,-3.39,419,-0.97,0,-0.97,-0.24,0.05,-0.1,0,0.12,0,0,0
Will Robbins,Princeton,C,-4.68,-5.3,721,-0.45,0,-0.45,0.94,0.03,0.12,0,-0.02,0,0,0
TJ Gramesty,Florida Atlantic,C,-4.86,-8.74,610,-0.22,0.52,0.3,2.66,0.18,0.74,0,0,0,0,0
Tyler Morgan,La Salle,C,-4.87,-2.97,109,0.01,0,0.01,-1.89,0,0,0,-0.02,0,0,0
Preston Murphy,Ball State,C,-4.97,-5.68,327,-0.58,0.83,0.25,0.47,0,0,0,0,0,0,0
Luis Gomez,North Carolina A&T,C,-5.03,-0.26,482,-1.64,-0.4,-2.04,-2.28,0,-0.44,0,0,0,0,0
Marc Hersh,Florida International,C,-5.26,-3.94,546,-0.56,0,-0.56,0.82,-0.69,-0.9,0,0,0,0,0
Mark Quatrani,Notre Dame,C,-5.26,-11,926,-0.43,-0.14,-0.57,6.03,0,0.3,0,-0.01,0,0,0
Tyler Stack,Ohio,C,-5.41,-14.81,1087,1,1.13,2.13,7.27,-0.32,0.34,0,-0.02,0,0,0
Levi McAllister,Albany,C,-5.46,-3.46,701,-0.64,-0.94,-1.58,-1.04,0.09,0.54,0,-0.03,0.02,0,0
Charlie Marcantel,Queens (NC),C,-5.68,-6.18,554,0.05,0,0.05,0.82,0,0,0,0,-0.37,0,0
Hideki Prather,California,C,-5.75,-9.42,934,-0.24,0,-0.24,2.04,-0.12,1.99,0,0,0,0,0
Mason Acton,Bellarmine,C,-5.88,-4.36,411,-0.37,-0.82,-1.19,-0.6,0.05,0.11,0,0.11,0,0,0
Ryan Santangelo,William & Mary,C,-6.05,-4.95,288,-0.47,0,-0.47,-0.63,0,0,0,0,0,0,0
Danny Wyatt,UMBC,C,-6.06,-5.61,433,-0.23,-0.62,-0.85,0.4,0,0,0,0,0,0,0
Vinny Saumell,Arkansas-Pine Bluff,C,-6.17,-5.19,476,-0.29,0.06,-0.23,-0.14,0,-0.61,0,0,0,0,0
Trey Callaway,Alabama State,C,-6.44,-4.99,1056,0.13,0.02,0.15,-0.97,0.13,-0.7,0,-0.06,0,0,0
Mason Strong,Utah Valley,C,-6.74,-8.88,616,-0.71,0.48,-0.23,2.34,0.05,0,0,-0.02,0,0,0
Nico Garcia,Alcorn State,C,-6.81,-2.51,451,-0.4,0,-0.4,-2.96,0,-0.88,0,-0.06,0,0,0
Jayden Adcox,New Orleans,C,-7.38,-9.34,740,0.18,0,0.18,1.59,0.26,-0.19,0,0.1,0.01,0,0
Brendan Buecker,Monmouth,C,-7.58,-6.21,980,-0.4,-0.75,-1.15,0.4,-0.1,-0.13,0,-0.01,-0.38,0,0
Connor Sackett,Butler,C,-7.61,-7.12,308,-0.23,-0.07,-0.3,-0.35,0,0.16,0,0,0,0,0
Jeremy Martinez,Indiana State,C,-7.86,-7.25,709,-1.22,-0.41,-1.63,1.22,-0.34,0.13,0,0,0,0,0
CJ Oxendine,Virginia Tech,C,-0.15,-0.27,44,0.11,0,0.11,0.01,0,0,0,0,0,0,0
Chris Marcellus,Grambling,C,-8.73,-5.76,747,-1.08,-0.62,-1.7,0.1,-0.23,-0.8,-0.01,0.03,-0.38,0,0
Luke Lavin,Stanford,C,-11.1,-15.36,1069,-0.57,0,-0.57,6.24,-0.37,-1.15,0,0.11,0,0,0
Henry Cooke,Virginia Tech,C,-8.1,-10.55,1211,-0.05,-0.31,-0.36,3.28,0.12,-0.72,0,0.12,0,0,0