config,book_group,line_bucket,tau,anchor,n_bets,roi_net_vig,sharpe,roi_2023,n_2023,roi_2024,n_2024,roi_2025,n_2025,roi_2026,n_2026
barstool|mid_5p5|tau0.08|book,barstool,mid_5p5,0.08,book,115,0.22851,0.16324,0.22851,115,,0,,0,,0
superbook|high_ge6p5|tau0.1|pinnacle,superbook,high_ge6p5,0.1,pinnacle,74,0.11005,0.12488,,0,0.11005,74,,0,,0
barstool|mid_5p5|tau0.04|book,barstool,mid_5p5,0.04,book,214,0.09296,0.06778,0.09296,214,,0,,0,,0
barstool|mid_5p5|tau0.1|book,barstool,mid_5p5,0.1,book,78,0.09,0.06908,0.09,78,,0,,0,,0
pointsbetus|low_le4p5|tau0.1|book,pointsbetus,low_le4p5,0.1,book,330,0.07712,0.08159,0.10357,253,-0.0098,77,,0,,0
barstool|low_le4p5|tau0.1|book,barstool,low_le4p5,0.1,book,208,0.06954,0.05858,0.06954,208,,0,,0,,0
barstool|mid_5p5|tau0.02|book,barstool,mid_5p5,0.02,book,257,0.06846,0.05189,0.06846,257,,0,,0,,0
superbook|high_ge6p5|tau0.1|book,superbook,high_ge6p5,0.1,book,86,0.06539,0.07478,,0,0.06539,86,,0,,0
pointsbetus|low_le4p5|tau0.1|pinnacle,pointsbetus,low_le4p5,0.1,pinnacle,293,0.06525,0.06903,0.0952,222,-0.0284,71,,0,,0
barstool|all|tau0.1|book,barstool,all,0.1,book,433,0.06221,0.0574,0.06221,433,,0,,0,,0
superbook|high_ge6p5|tau0.08|pinnacle,superbook,high_ge6p5,0.08,pinnacle,90,0.06062,0.06891,,0,0.06062,90,,0,,0
betonlineag|low_le4p5|tau0.1|book,betonlineag,low_le4p5,0.1,book,1092,0.05629,0.05694,0.09084,166,0.01468,370,0.07605,439,0.0647,117
betrivers|high_ge6p5|tau0.1|book,betrivers,high_ge6p5,0.1,book,620,0.05313,0.06214,0.0077,165,0.12862,227,-0.0132,159,0.06626,69
unibet_us|high_ge6p5|tau0.1|book,unibet_us,high_ge6p5,0.1,book,268,0.04875,0.05897,0.0056,164,0.11678,104,,0,,0
superbook|high_ge6p5|tau0.06|pinnacle,superbook,high_ge6p5,0.06,pinnacle,103,0.0487,0.05506,,0,0.0487,103,,0,,0
pointsbetus|high_ge6p5|tau0.1|book,pointsbetus,high_ge6p5,0.1,book,207,0.04586,0.0509,-0.00016,151,0.16996,56,,0,,0
pointsbetus|all|tau0.1|book,pointsbetus,all,0.1,book,750,0.04542,0.04854,0.06034,543,0.00629,207,,0,,0
betrivers|low_le4p5|tau0.1|book,betrivers,low_le4p5,0.1,book,899,0.04449,0.03723,0.04352,195,-0.03568,233,0.0806,344,0.09524,127
bovada|mid_5p5|tau0.1|book,bovada,mid_5p5,0.1,book,488,0.04371,0.04466,-0.00756,60,0.04179,195,0.18315,150,-0.16668,83
bovada|mid_5p5|tau0.1|pinnacle,bovada,mid_5p5,0.1,pinnacle,456,0.04253,0.04338,-0.05866,53,0.06811,193,0.16757,134,-0.17231,76
barstool|all|tau0.08|book,barstool,all,0.08,book,586,0.03937,0.036,0.03937,586,,0,,0,,0
pointsbetus|low_le4p5|tau0.08|book,pointsbetus,low_le4p5,0.08,book,452,0.03869,0.04085,0.04626,345,0.01428,107,,0,,0
mybookieag|high_ge6p5|tau0.1|book,mybookieag,high_ge6p5,0.1,book,412,0.03751,0.04157,-0.03036,126,0.06203,171,0.08067,81,0.06296,34
barstool|high_ge6p5|tau0.1|book,barstool,high_ge6p5,0.1,book,147,0.0371,0.04864,0.0371,147,,0,,0,,0
betmgm|mid_5p5|tau0.1|book,betmgm,mid_5p5,0.1,book,586,0.037,0.03858,0.10117,151,-0.0283,208,0.12113,143,-0.05991,84
betrivers|mid_5p5|tau0.1|pinnacle,betrivers,mid_5p5,0.1,pinnacle,115,0.03629,0.0379,-0.04703,38,-0.15741,19,0.23245,19,0.11627,39
superbook|high_ge6p5|tau0.08|book,superbook,high_ge6p5,0.08,book,99,0.03544,0.04009,,0,0.03544,99,,0,,0
draftkings|low_le4p5|tau0.1|book,draftkings,low_le4p5,0.1,book,1228,0.03424,0.03515,0.02957,257,-0.02952,367,0.06765,451,0.0965,153
betrivers|all|tau0.1|book,betrivers,all,0.1,book,1905,0.03415,0.03035,0.026,444,0.01335,609,0.04359,601,0.07642,251
fanduel|low_le4p5|tau0.08|book,fanduel,low_le4p5,0.08,book,1586,0.03395,0.03465,0.03879,297,-0.00127,481,0.04755,581,0.06745,227
fanduel|high_ge6p5|tau0.08|book,fanduel,high_ge6p5,0.08,book,719,0.03223,0.03502,-0.01116,204,0.07327,235,-0.01415,194,0.12759,86
soft|low_le4p5|tau0.1|book,soft,low_le4p5,0.1,book,9523,0.03148,0.03129,0.0671,2270,-0.0135,3000,0.03912,3223,0.06007,1030
barstool|mid_5p5|tau0.06|book,barstool,mid_5p5,0.06,book,166,0.03102,0.02375,0.03102,166,,0,,0,,0
betonlineag|all|tau0.1|book,betonlineag,all,0.1,book,2134,0.03063,0.0317,0.01401,393,0.02172,761,0.06569,746,-0.02425,234
draftkings|high_ge6p5|tau0.1|book,draftkings,high_ge6p5,0.1,book,594,0.03032,0.03289,-0.03607,156,0.08587,201,-0.00075,160,0.08441,77
unibet_us|high_ge6p5|tau0.08|book,unibet_us,high_ge6p5,0.08,book,352,0.02965,0.03626,0.00206,218,0.07453,134,,0,,0
mybookieag|high_ge6p5|tau0.1|pinnacle,mybookieag,high_ge6p5,0.1,pinnacle,352,0.02894,0.03188,-0.08725,111,0.07761,146,0.06495,65,0.14399,30
williamhill_us|low_le4p5|tau0.1|book,williamhill_us,low_le4p5,0.1,book,698,0.02882,0.03039,0.06075,260,-0.03876,361,0.23789,77,,0
all|low_le4p5|tau0.1|book,all,low_le4p5,0.1,book,10790,0.02874,0.02865,0.06714,2530,-0.01537,3385,0.03672,3687,0.04789,1188
fanduel|high_ge6p5|tau0.1|book,fanduel,high_ge6p5,0.1,book,591,0.02855,0.03095,0.01353,177,0.0554,190,0.00104,157,0.05661,67
fanatics|mid_5p5|tau0.1|book,fanatics,mid_5p5,0.1,book,152,0.02854,0.02956,,0,,0,0.04197,113,-0.01035,39
majors|low_le4p5|tau0.1|book,majors,low_le4p5,0.1,book,4248,0.02826,0.02918,0.04831,968,-0.02011,1442,0.06211,1384,0.0359,454
soft|high_ge6p5|tau0.1|book,soft,high_ge6p5,0.1,book,5036,0.02808,0.03119,-0.02459,1593,0.0818,1789,0.00212,1183,0.06739,471
bovada|high_ge6p5|tau0.1|book,bovada,high_ge6p5,0.1,book,479,0.02788,0.02982,-0.09728,74,0.03669,186,0.04598,151,0.0998,68
betmgm|low_le4p5|tau0.1|book,betmgm,low_le4p5,0.1,book,1164,0.02779,0.02881,0.07659,236,-0.01315,352,0.05346,433,-0.0297,143
unibet_us|all|tau0.1|book,unibet_us,all,0.1,book,699,0.02675,0.02414,0.02738,442,0.02567,257,,0,,0
barstool|mid_5p5|tau0.08|pinnacle,barstool,mid_5p5,0.08,pinnacle,28,0.02671,0.02718,0.02671,28,,0,,0,,0
fanatics|low_le4p5|tau0.08|book,fanatics,low_le4p5,0.08,book,604,0.02535,0.02611,,0,,0,-0.00104,488,0.1364,116
all|high_ge6p5|tau0.1|book,all,high_ge6p5,0.1,book,5590,0.02486,0.02756,-0.02741,1748,0.07947,1980,-0.00283,1327,0.06224,535
fanatics|mid_5p5|tau0.1|pinnacle,fanatics,mid_5p5,0.1,pinnacle,136,0.0246,0.02546,,0,,0,0.02736,99,0.0172,37
fanatics|low_le4p5|tau0.06|book,fanatics,low_le4p5,0.06,book,766,0.0239,0.02464,,0,,0,0.00173,617,0.11574,149
fanatics|low_le4p5|tau0.1|book,fanatics,low_le4p5,0.1,book,465,0.02333,0.02388,,0,,0,-0.00556,376,0.14538,89
betonlineag|low_le4p5|tau0.1|pinnacle,betonlineag,low_le4p5,0.1,pinnacle,1032,0.02327,0.02363,0.0961,163,-0.01078,348,0.01956,421,0.03865,100
betonlineag|low_le4p5|tau0.08|book,betonlineag,low_le4p5,0.08,book,1496,0.02326,0.02374,0.02344,236,-0.02441,505,0.04369,598,0.0985,157
betrivers|low_le4p5|tau0.08|book,betrivers,low_le4p5,0.08,book,1200,0.02326,0.02031,-0.03858,251,-0.03175,311,0.06242,456,0.10444,182
betmgm|all|tau0.1|book,betmgm,all,0.1,book,2324,0.02287,0.02399,0.04506,540,0.0026,757,0.0469,729,-0.02465,298
fanduel|low_le4p5|tau0.1|book,fanduel,low_le4p5,0.1,book,1158,0.02204,0.0225,0.02465,215,0.00126,362,0.03307,423,0.03658,158
betrivers|high_ge6p5|tau0.08|book,betrivers,high_ge6p5,0.08,book,825,0.02194,0.02485,0.00097,217,0.06937,304,-0.01979,221,0.01412,83
williamhill_us|low_le4p5|tau0.1|pinnacle,williamhill_us,low_le4p5,0.1,pinnacle,689,0.02146,0.02259,0.02692,250,-0.03395,362,0.26425,77,,0
superbook|low_le4p5|tau0.1|book,superbook,low_le4p5,0.1,book,129,0.02129,0.02297,,0,0.02129,129,,0,,0
bovada|all|tau0.1|book,bovada,all,0.1,book,2009,0.02102,0.02173,0.00572,235,0.01544,745,0.04132,723,-0.00159,306
soft|all|tau0.1|book,soft,all,0.1,book,19271,0.02094,0.02133,0.02393,5145,0.0058,6604,0.04189,5480,0.00615,2042
fanatics|all|tau0.1|book,fanatics,all,0.1,book,769,0.02094,0.02182,,0,,0,0.00194,606,0.09155,163
betonlineag|high_ge6p5|tau0.1|book,betonlineag,high_ge6p5,0.1,book,521,0.0207,0.02251,-0.08029,128,0.08687,183,0.00959,160,0.07263,50
betmgm|mid_5p5|tau0.1|pinnacle,betmgm,mid_5p5,0.1,pinnacle,537,0.01991,0.02065,0.00682,145,0.00035,188,0.12987,133,-0.10752,71
draftkings|all|tau0.1|book,draftkings,all,0.1,book,2421,0.01948,0.02031,0.00021,572,0.0089,778,0.05179,762,0.0021,309
all|all|tau0.1|book,all,all,0.1,book,21684,0.01942,0.01982,0.02207,5719,0.00532,7380,0.04046,6231,0.00147,2354
draftkings|low_le4p5|tau0.08|book,draftkings,low_le4p5,0.08,book,1692,0.0187,0.01933,-0.00411,347,-0.02808,525,0.0568,604,0.06249,216
bovada|high_ge6p5|tau0.08|book,bovada,high_ge6p5,0.08,book,572,0.01714,0.01842,-0.09967,92,0.04641,214,-0.01636,179,0.13761,87
mybookieag|low_le4p5|tau0.1|book,mybookieag,low_le4p5,0.1,book,822,0.01671,0.01734,0.13003,184,-0.00769,292,-0.0556,258,0.07276,88
pinnacle|mid_5p5|tau0.1|book,pinnacle,mid_5p5,0.1,book,592,0.01633,0.01691,-0.03565,159,0.00737,200,0.13656,143,-0.06298,90
majors|high_ge6p5|tau0.1|book,majors,high_ge6p5,0.1,book,2144,0.01601,0.01741,-0.03995,638,0.07285,776,-0.01734,515,0.05686,215
fanduel|low_le4p5|tau0.06|book,fanduel,low_le4p5,0.06,book,2046,0.01574,0.01613,0.00069,390,0.00061,622,0.03256,739,0.02539,295
fanduel|all|tau0.1|book,fanduel,all,0.1,book,2362,0.01536,0.016,-0.00081,541,0.00676,776,0.0512,739,-0.02084,306
betonlineag|all|tau0.1|pinnacle,betonlineag,all,0.1,pinnacle,1946,0.01533,0.01587,-0.01288,376,0.02284,689,0.02587,685,0.00619,196
majors|all|tau0.1|book,majors,all,0.1,book,8596,0.0153,0.01604,0.00735,2231,0.0016,3062,0.05159,2390,-0.01432,913
majors|low_le4p5|tau0.08|book,majors,low_le4p5,0.08,book,5817,0.01521,0.01576,0.01457,1312,-0.02119,1994,0.04834,1874,0.03301,637
unibet_us|mid_5p5|tau0.1|book,unibet_us,mid_5p5,0.1,book,143,0.01488,0.01085,0.03357,83,-0.01097,60,,0,,0
betrivers|low_le4p5|tau0.1|pinnacle,betrivers,low_le4p5,0.1,pinnacle,292,0.01462,0.01498,-0.0138,87,-0.01492,53,0.04486,83,0.03679,69
betonlineag|low_le4p5|tau0.08|pinnacle,betonlineag,low_le4p5,0.08,pinnacle,1386,0.01398,0.01429,0.01545,224,-0.01641,472,0.02157,555,0.08663,135
pointsbetus|mid_5p5|tau0.08|pinnacle,pointsbetus,mid_5p5,0.08,pinnacle,216,0.0136,0.0143,0.03518,153,-0.03882,63,,0,,0
superbook|mid_5p5|tau0.06|pinnacle,superbook,mid_5p5,0.06,pinnacle,143,0.01352,0.01458,,0,0.01352,143,,0,,0
pointsbetus|all|tau0.1|pinnacle,pointsbetus,all,0.1,pinnacle,628,0.01337,0.01422,0.0189,461,-0.00192,167,,0,,0
betrivers|low_le4p5|tau0.08|pinnacle,betrivers,low_le4p5,0.08,pinnacle,417,0.0133,0.01365,-0.0282,124,0.05012,85,0.00846,114,0.0406,94
fanduel|all|tau0.08|book,fanduel,all,0.08,book,3122,0.01328,0.01382,-0.00911,702,0.00074,992,0.04628,1002,0.00174,426
pointsbetus|low_le4p5|tau0.08|pinnacle,pointsbetus,low_le4p5,0.08,pinnacle,389,0.01317,0.01397,0.03515,296,-0.05681,93,,0,,0
draftkings|high_ge6p5|tau0.08|book,draftkings,high_ge6p5,0.08,book,705,0.01269,0.01375,-0.07507,186,0.0718,229,-0.02131,197,0.11467,93
draftkings|low_le4p5|tau0.1|pinnacle,draftkings,low_le4p5,0.1,pinnacle,1193,0.01249,0.01282,0.04665,250,-0.02911,380,0.02112,437,0.04021,126
unibet_us|low_le4p5|tau0.1|book,unibet_us,low_le4p5,0.1,book,288,0.01218,0.01022,0.04306,195,-0.05258,93,,0,,0
betonlineag|mid_5p5|tau0.1|pinnacle,betonlineag,mid_5p5,0.1,pinnacle,469,0.0119,0.01234,-0.03395,103,0.01355,180,0.11107,130,-0.13926,56
soft|low_le4p5|tau0.08|book,soft,low_le4p5,0.08,book,12959,0.01177,0.01183,0.00738,3076,-0.02229,4129,0.02956,4323,0.06567,1431
pointsbetus|all|tau0.08|book,pointsbetus,all,0.08,book,962,0.01138,0.01211,0.00956,707,0.01641,255,,0,,0
all|low_le4p5|tau0.08|book,all,low_le4p5,0.08,book,14660,0.00973,0.0098,0.00698,3424,-0.02501,4651,0.02846,4936,0.05736,1649
betonlineag|low_le4p5|tau0.06|book,betonlineag,low_le4p5,0.06,book,1956,0.00942,0.00966,-0.03333,327,-0.01141,652,0.02717,771,0.07676,206
fanatics|all|tau0.08|book,fanatics,all,0.08,book,1023,0.00927,0.00971,,0,,0,-0.00514,807,0.06308,216
barstool|high_ge6p5|tau0.08|book,barstool,high_ge6p5,0.08,book,191,0.009,0.01184,0.009,191,,0,,0,,0
bovada|mid_5p5|tau0.08|pinnacle,bovada,mid_5p5,0.08,pinnacle,614,0.00891,0.00915,-0.01725,67,0.02393,258,0.10383,198,-0.22092,91
soft|high_ge6p5|tau0.08|book,soft,high_ge6p5,0.08,book,6169,0.00861,0.00954,-0.05052,1982,0.06537,2151,-0.01803,1463,0.06804,573
bovada|all|tau0.1|pinnacle,bovada,all,0.1,pinnacle,1891,0.00858,0.00885,-0.07566,205,0.01709,735,0.04326,694,-0.04224,257
betmgm|low_le4p5|tau0.08|book,betmgm,low_le4p5,0.08,book,1576,0.00858,0.00893,0.0509,317,-0.02148,484,0.02679,581,-0.04013,194
betonlineag|high_ge6p5|tau0.08|book,betonlineag,high_ge6p5,0.08,book,630,0.00825,0.00898,-0.07556,161,0.06449,217,0.00249,195,0.05059,57
pinnacle|low_le4p5|tau0.1|book,pinnacle,low_le4p5,0.1,book,1267,0.00814,0.0083,0.06747,260,-0.02995,385,0.02,464,-0.03151,158
draftkings|all|tau0.1|pinnacle,draftkings,all,0.1,pinnacle,2274,0.00783,0.00815,-0.00164,558,0.01432,765,0.02079,701,-0.02721,250
bovada|mid_5p5|tau0.08|book,bovada,mid_5p5,0.08,book,663,0.00756,0.00773,-0.00686,81,0.03945,260,0.09263,215,-0.22995,107
pinnacle|all|tau0.1|book,pinnacle,all,0.1,book,2413,0.00727,0.00756,0.00545,574,0.00123,776,0.03002,751,-0.02914,312
bovada|low_le4p5|tau0.1|book,bovada,low_le4p5,0.1,book,1042,0.00724,0.00741,0.08906,101,-0.00954,364,-0.01077,422,0.04234,155
pointsbetus|low_le4p5|tau0.06|book,pointsbetus,low_le4p5,0.06,book,589,0.00692,0.00732,-0.00139,453,0.03458,136,,0,,0
betonlineag|all|tau0.08|book,betonlineag,all,0.08,book,2822,0.00683,0.0071,-0.0186,542,-0.00542,986,0.03799,997,-0.01066,297
fanatics|high_ge6p5|tau0.1|book,fanatics,high_ge6p5,0.1,book,152,0.006,0.00664,,0,,0,-0.0126,117,0.0682,35
betrivers|all|tau0.08|book,betrivers,all,0.08,book,2584,0.00593,0.00531,0.00087,598,-0.02341,826,0.01708,819,0.05912,341
all|high_ge6p5|tau0.08|book,all,high_ge6p5,0.08,book,6826,0.00489,0.00541,-0.05548,2168,0.06288,2375,-0.02247,1630,0.06263,653
unibet_us|high_ge6p5|tau0.06|book,unibet_us,high_ge6p5,0.06,book,450,0.00465,0.0056,-0.03718,290,0.08046,160,,0,,0
majors|high_ge6p5|tau0.08|book,majors,high_ge6p5,0.08,book,2569,0.0037,0.00403,-0.07306,772,0.07166,917,-0.0307,619,0.07357,261
majors|low_le4p5|tau0.1|pinnacle,majors,low_le4p5,0.1,pinnacle,4040,0.00329,0.00339,0.0408,909,-0.03322,1420,0.0111,1346,0.02308,365
betrivers|all|tau0.1|pinnacle,betrivers,all,0.1,pinnacle,524,0.00307,0.00322,-0.0638,164,-0.04007,99,0.04365,128,0.07859,133
draftkings|all|tau0.08|book,draftkings,all,0.08,book,3204,0.00302,0.00316,-0.04578,740,0.00543,1027,0.03896,1024,-0.00461,413
all|low_le4p5|tau0.1|pinnacle,all,low_le4p5,0.1,pinnacle,9387,0.00297,0.00306,0.04431,2054,-0.03038,3076,-0.00083,3293,0.03434,964
all|mid_5p5|tau0.1|pinnacle,all,mid_5p5,0.1,pinnacle,4457,0.00296,0.00308,-0.02755,1234,-0.00219,1646,0.10997,1013,-0.10747,564
draftkings|high_ge6p5|tau0.1|pinnacle,draftkings,high_ge6p5,0.1,pinnacle,525,0.0027,0.00291,-0.05614,151,0.09245,188,-0.0614,133,0.01283,53
draftkings|mid_5p5|tau0.1|pinnacle,draftkings,mid_5p5,0.1,pinnacle,556,0.00269,0.00278,-0.02611,157,0.02353,197,0.10312,131,-0.17675,71
fanatics|all|tau0.06|book,fanatics,all,0.06,book,1267,0.00264,0.00277,,0,,0,-0.00741,995,0.03941,272
draftkings|low_le4p5|tau0.08|pinnacle,draftkings,low_le4p5,0.08,pinnacle,1609,0.00238,0.00245,-0.01269,338,-0.04061,515,0.0227,577,0.08897,179
soft|low_le4p5|tau0.1|pinnacle,soft,low_le4p5,0.1,pinnacle,8120,0.00217,0.00223,0.04095,1794,-0.03045,2691,-0.00425,2829,0.04725,806
mybookieag|all|tau0.1|book,mybookieag,all,0.1,book,1663,0.00208,0.0022,0.03891,424,-0.01654,650,4e-05,414,-0.01321,175
superbook|all|tau0.08|book,superbook,all,0.08,book,425,0.00202,0.0022,,0,0.00202,425,,0,,0
fanduel|high_ge6p5|tau0.06|book,fanduel,high_ge6p5,0.06,book,823,0.00178,0.00193,-0.04088,237,0.0482,264,-0.0507,223,0.09834,99
unibet_us|all|tau0.08|book,unibet_us,all,0.08,book,939,0.00163,0.00147,0.00447,597,-0.00332,342,,0,,0
bovada|all|tau0.08|book,bovada,all,0.08,book,2657,0.00159,0.00164,-0.04682,318,0.00433,966,0.01733,957,-0.00397,416
soft|all|tau0.08|book,soft,all,0.08,book,25532,0.0011,0.00112,-0.01391,6833,-0.00597,8639,0.02254,7345,0.00333,2715
soft|mid_5p5|tau0.1|pinnacle,soft,mid_5p5,0.1,pinnacle,3865,0.00091,0.00095,-0.02635,1075,-0.00351,1446,0.1056,870,-0.11592,474
williamhill_us|high_ge6p5|tau0.1|book,williamhill_us,high_ge6p5,0.1,book,385,0.00086,0.00095,-0.08708,152,0.0865,188,-0.05986,45,,0
betonlineag|high_ge6p5|tau0.1|pinnacle,betonlineag,high_ge6p5,0.1,pinnacle,445,0.00053,0.00057,-0.15463,110,0.10592,161,-0.03698,134,0.12866,40
bovada|low_le4p5|tau0.1|pinnacle,bovada,low_le4p5,0.1,pinnacle,1009,0.00035,0.00036,-0.00392,92,-0.03716,364,0.02553,424,0.02646,129
all|all|tau0.1|pinnacle,all,all,0.1,pinnacle,18039,0.00032,0.00033,-0.01372,4506,0.00442,6271,0.01106,5342,-0.01,1920
superbook|all|tau0.1|book,superbook,all,0.1,book,313,0.00031,0.00033,,0,0.00031,313,,0,,0
fanatics|low_le4p5|tau0.04|book,fanatics,low_le4p5,0.04,book,932,0.00017,0.00017,,0,,0,-0.02372,754,0.10134,178
draftkings|low_le4p5|tau0.06|book,draftkings,low_le4p5,0.06,book,2163,-0.00015,-0.00015,-0.04426,446,-0.01902,663,0.02134,775,0.05554,279
majors|all|tau0.08|book,majors,all,0.08,book,11340,-0.00021,-0.00022,-0.03223,2914,-0.00241,3998,0.03577,3206,-0.01106,1222
all|all|tau0.08|book,all,all,0.08,book,28690,-0.00038,-0.00039,-0.01612,7570,-0.00777,9660,0.02232,8337,1e-05,3123
soft|all|tau0.1|pinnacle,soft,all,0.1,pinnacle,15626,-0.00075,-0.00079,-0.01652,3932,0.00487,5495,0.00796,4591,-0.00629,1608
unibet_us|mid_5p5|tau0.08|pinnacle,unibet_us,mid_5p5,0.08,pinnacle,67,-0.00139,-0.00143,-0.07091,48,0.17424,19,,0,,0
betmgm|high_ge6p5|tau0.1|book,betmgm,high_ge6p5,0.1,book,574,-0.00154,-0.00167,-0.05894,153,0.06336,197,-0.04104,153,0.02721,71
majors|all|tau0.1|pinnacle,majors,all,0.1,pinnacle,7879,-0.00158,-0.00165,-0.00716,2058,0.00343,2878,0.00978,2207,-0.03958,736
williamhill_us|all|tau0.1|pinnacle,williamhill_us,all,0.1,pinnacle,1438,-0.00168,-0.00179,-0.01799,553,-0.00041,732,0.05116,153,,0
superbook|high_ge6p5|tau0.04|pinnacle,superbook,high_ge6p5,0.04,pinnacle,113,-0.0018,-0.00203,,0,-0.0018,113,,0,,0
bovada|mid_5p5|tau0.06|pinnacle,bovada,mid_5p5,0.06,pinnacle,795,-0.00185,-0.00191,0.00083,92,0.02265,320,0.06787,264,-0.22446,119
majors|low_le4p5|tau0.06|book,majors,low_le4p5,0.06,book,7537,-0.00194,-0.00201,-0.0341,1715,-0.01788,2579,0.02701,2408,0.02987,835
betmgm|mid_5p5|tau0.08|pinnacle,betmgm,mid_5p5,0.08,pinnacle,733,-0.00236,-0.00245,0.00076,185,-0.02392,258,0.0786,201,-0.12918,89
betrivers|high_ge6p5|tau0.06|book,betrivers,high_ge6p5,0.06,book,1086,-0.00258,-0.00293,-0.03834,289,0.05111,388,-0.05746,306,0.05854,103
betmgm|all|tau0.1|pinnacle,betmgm,all,0.1,pinnacle,2187,-0.00269,-0.00281,0.00431,513,-0.00182,735,0.00818,716,-0.05659,223
unibet_us|mid_5p5|tau0.08|book,unibet_us,mid_5p5,0.08,book,213,-0.00313,-0.00222,0.0937,128,-0.14894,85,,0,,0
betonlineag|low_le4p5|tau0.04|pinnacle,betonlineag,low_le4p5,0.04,pinnacle,2233,-0.00332,-0.00342,-0.0346,392,-0.01536,760,0.01257,858,0.03159,223
betmgm|low_le4p5|tau0.1|pinnacle,betmgm,low_le4p5,0.1,pinnacle,1137,-0.00335,-0.00345,0.06647,226,-0.04064,363,-0.00761,441,-0.00675,107
williamhill_us|all|tau0.1|book,williamhill_us,all,0.1,book,1489,-0.00339,-0.00362,-0.01317,578,-0.01229,751,0.07373,160,,0
betmgm|low_le4p5|tau0.06|book,betmgm,low_le4p5,0.06,book,2068,-0.00357,-0.00371,-0.02016,418,-0.02706,641,0.02199,748,0.00749,261
superbook|all|tau0.1|pinnacle,superbook,all,0.1,pinnacle,296,-0.00363,-0.00392,,0,-0.00363,296,,0,,0
betonlineag|low_le4p5|tau0.06|pinnacle,betonlineag,low_le4p5,0.06,pinnacle,1809,-0.00366,-0.00376,-0.02873,304,-0.02085,623,0.01118,705,0.04083,177
betmgm|all|tau0.08|book,betmgm,all,0.08,book,3040,-0.00368,-0.00386,-0.00355,703,-0.01079,982,0.01468,972,-0.03224,383
pointsbetus|mid_5p5|tau0.1|book,pointsbetus,mid_5p5,0.1,book,213,-0.00411,-0.0043,0.04739,139,-0.10084,74,,0,,0
pointsbetus|high_ge6p5|tau0.08|book,pointsbetus,high_ge6p5,0.08,book,241,-0.00438,-0.00483,-0.06061,178,0.15449,63,,0,,0
pinnacle|high_ge6p5|tau0.1|book,pinnacle,high_ge6p5,0.1,book,554,-0.0044,-0.00479,-0.05641,155,0.05765,191,-0.04346,144,0.02431,64
williamhill_us|high_ge6p5|tau0.1|pinnacle,williamhill_us,high_ge6p5,0.1,pinnacle,367,-0.00457,-0.00503,-0.0589,147,0.083,181,-0.2062,39,,0
majors|mid_5p5|tau0.1|pinnacle,majors,mid_5p5,0.1,pinnacle,1977,-0.0046,-0.00478,-0.02301,587,-0.00354,749,0.09242,421,-0.14473,220
betrivers|all|tau0.08|pinnacle,betrivers,all,0.08,pinnacle,709,-0.00487,-0.00508,-0.08858,224,0.04765,142,2e-05,175,0.05725,168
betonlineag|low_le4p5|tau0.04|book,betonlineag,low_le4p5,0.04,book,2461,-0.00508,-0.00524,-0.03887,416,-0.02077,847,0.01962,938,0.01098,260
mybookieag|low_le4p5|tau0.08|book,mybookieag,low_le4p5,0.08,book,1115,-0.0052,-0.00542,0.0455,256,-0.03181,398,-0.04784,344,0.0998,117
all|mid_5p5|tau0.1|book,all,mid_5p5,0.1,book,5304,-0.00528,-0.00523,0.00297,1441,-0.03278,2015,0.099,1217,-0.13743,631
fanduel|low_le4p5|tau0.04|book,fanduel,low_le4p5,0.04,book,2590,-0.00538,-0.00554,-0.02147,506,-0.0211,805,0.01638,928,-0.00367,351
fanduel|all|tau0.06|book,fanduel,all,0.06,book,3906,-0.00543,-0.00566,-0.02554,880,-0.01116,1233,0.02091,1261,-0.02135,532
superbook|mid_5p5|tau0.08|book,superbook,mid_5p5,0.08,book,127,-0.00544,-0.00587,,0,-0.00544,127,,0,,0
fanatics|high_ge6p5|tau0.08|book,fanatics,high_ge6p5,0.08,book,192,-0.00561,-0.00619,,0,,0,-0.03017,147,0.0746,45
pointsbetus|mid_5p5|tau0.1|pinnacle,pointsbetus,mid_5p5,0.1,pinnacle,175,-0.00564,-0.00591,0.01064,121,-0.04213,54,,0,,0
pinnacle|low_le4p5|tau0.08|book,pinnacle,low_le4p5,0.08,book,1701,-0.00579,-0.00594,0.00345,348,-0.04659,522,0.02065,613,0.00281,218
mybookieag|high_ge6p5|tau0.08|book,mybookieag,high_ge6p5,0.08,book,498,-0.00609,-0.0067,-0.09139,153,0.03284,203,0.03806,102,0.01001,40
draftkings|all|tau0.08|pinnacle,draftkings,all,0.08,pinnacle,2986,-0.00664,-0.00692,-0.0417,721,-0.00535,1004,0.01755,926,-0.00191,335
betmgm|mid_5p5|tau0.08|book,betmgm,mid_5p5,0.08,book,790,-0.00687,-0.00715,-0.00156,202,-0.05446,268,0.05451,213,-0.0199,107
betonlineag|all|tau0.08|pinnacle,betonlineag,all,0.08,pinnacle,2548,-0.00691,-0.00717,-0.05548,491,-0.00614,906,0.01542,898,0.00531,253
fanatics|all|tau0.04|book,fanatics,all,0.04,book,1528,-0.00706,-0.0074,,0,,0,-0.01988,1203,0.04038,325
williamhill_us|high_ge6p5|tau0.08|book,williamhill_us,high_ge6p5,0.08,book,471,-0.00711,-0.00788,-0.11035,198,0.07919,223,0.01681,50,,0
soft|low_le4p5|tau0.06|book,soft,low_le4p5,0.06,book,16930,-0.00728,-0.00736,-0.04275,4080,-0.02039,5384,0.01248,5589,0.04856,1877
bovada|low_le4p5|tau0.08|book,bovada,low_le4p5,0.08,book,1422,-0.00745,-0.00761,-0.03562,145,-0.03252,492,-0.00072,563,0.04947,222
fanduel|high_ge6p5|tau0.1|pinnacle,fanduel,high_ge6p5,0.1,pinnacle,457,-0.00779,-0.0084,-0.06051,122,0.08933,156,-0.06336,126,-0.0402,53
bovada|all|tau0.08|pinnacle,bovada,all,0.08,pinnacle,2480,-0.00789,-0.00816,-0.10092,269,-0.00808,963,0.02793,914,-0.03047,334
bovada|low_le4p5|tau0.08|pinnacle,bovada,low_le4p5,0.08,pinnacle,1363,-0.00791,-0.00809,-0.06049,125,-0.04992,497,0.01969,560,0.05837,181
soft|mid_5p5|tau0.1|book,soft,mid_5p5,0.1,book,4712,-0.008,-0.00788,0.00776,1282,-0.03721,1815,0.094,1074,-0.14982,541
bovada|high_ge6p5|tau0.1|pinnacle,bovada,high_ge6p5,0.1,pinnacle,426,-0.00828,-0.00887,-0.2007,60,0.07269,178,-0.02391,136,-0.02255,52
betrivers|high_ge6p5|tau0.04|book,betrivers,high_ge6p5,0.04,book,1351,-0.00831,-0.00912,-0.04563,355,0.01447,476,-0.02943,392,0.07515,128
all|low_le4p5|tau0.08|pinnacle,all,low_le4p5,0.08,pinnacle,12680,-0.00837,-0.00864,-0.00687,2779,-0.04052,4208,-5e-05,4359,0.06277,1334
betrivers|mid_5p5|tau0.08|pinnacle,betrivers,mid_5p5,0.08,pinnacle,152,-0.00842,-0.0087,-0.08987,49,0.07244,26,-0.01754,31,0.03879,46
all|high_ge6p5|tau0.1|pinnacle,all,high_ge6p5,0.1,pinnacle,4195,-0.00842,-0.00916,-0.09756,1218,0.08054,1549,-0.04785,1036,0.02119,392
fanatics|low_le4p5|tau0.08|pinnacle,fanatics,low_le4p5,0.08,pinnacle,506,-0.00845,-0.00862,,0,,0,-0.05428,413,0.19506,93
fanatics|low_le4p5|tau0.06|pinnacle,fanatics,low_le4p5,0.06,pinnacle,643,-0.00852,-0.00872,,0,,0,-0.03944,519,0.1209,124
soft|low_le4p5|tau0.08|pinnacle,soft,low_le4p5,0.08,pinnacle,10979,-0.00877,-0.00906,-0.00835,2431,-0.03966,3686,-0.00344,3746,0.07448,1116
pointsbetus|all|tau0.08|pinnacle,pointsbetus,all,0.08,pinnacle,798,-0.00884,-0.00943,-0.00899,593,-0.00842,205,,0,,0
majors|high_ge6p5|tau0.1|pinnacle,majors,high_ge6p5,0.1,pinnacle,1862,-0.00891,-0.00966,-0.06818,562,0.08419,709,-0.07331,440,-0.03784,151
betonlineag|all|tau0.06|book,betonlineag,all,0.06,book,3578,-0.00893,-0.0093,-0.0364,700,-0.00411,1235,0.01003,1259,-0.03651,384
soft|high_ge6p5|tau0.1|pinnacle,soft,high_ge6p5,0.1,pinnacle,3641,-0.00904,-0.00982,-0.10356,1063,0.08376,1358,-0.04855,892,0.02058,328
all|low_le4p5|tau0.06|book,all,low_le4p5,0.06,book,19130,-0.00914,-0.00926,-0.04154,4534,-0.02409,6066,0.01218,6366,0.0379,2164
superbook|low_le4p5|tau0.08|book,superbook,low_le4p5,0.08,book,199,-0.00984,-0.01053,,0,-0.00984,199,,0,,0
barstool|mid_5p5|tau0.02|pinnacle,barstool,mid_5p5,0.02,pinnacle,68,-0.00994,-0.01048,-0.00994,68,,0,,0,,0
fanduel|mid_5p5|tau0.1|book,fanduel,mid_5p5,0.1,book,613,-0.00999,-0.01041,-0.05458,149,-0.02559,224,0.14899,159,-0.1969,81
majors|mid_5p5|tau0.1|book,majors,mid_5p5,0.1,book,2204,-0.01036,-0.01081,-0.00781,625,-0.0268,844,0.09421,491,-0.17048,244
betrivers|low_le4p5|tau0.06|book,betrivers,low_le4p5,0.06,book,1615,-0.01043,-0.00938,-0.07638,336,-0.01636,416,0.00959,611,0.03875,252
bovada|mid_5p5|tau0.04|pinnacle,bovada,mid_5p5,0.04,pinnacle,982,-0.01064,-0.01104,-0.02301,130,0.0064,382,0.04438,327,-0.1707,143
williamhill_us|low_le4p5|tau0.08|book,williamhill_us,low_le4p5,0.08,book,963,-0.01094,-0.01158,-0.02026,351,-0.03276,504,0.12118,108,,0
fanduel|all|tau0.1|pinnacle,fanduel,all,0.1,pinnacle,1980,-0.01107,-0.01151,-0.01402,434,0.00084,646,-0.01046,637,-0.03691,263
majors|low_le4p5|tau0.08|pinnacle,majors,low_le4p5,0.08,pinnacle,5452,-0.01132,-0.01172,-0.00844,1229,-0.045,1926,0.0051,1781,0.05081,516
fanduel|mid_5p5|tau0.1|pinnacle,fanduel,mid_5p5,0.1,pinnacle,502,-0.01145,-0.01187,-0.01842,129,-0.02469,175,0.10505,120,-0.14944,78
unibet_us|low_le4p5|tau0.08|pinnacle,unibet_us,low_le4p5,0.08,pinnacle,158,-0.01163,-0.01235,-0.02852,124,0.04999,34,,0,,0
pinnacle|mid_5p5|tau0.08|book,pinnacle,mid_5p5,0.08,book,800,-0.01174,-0.01223,-0.03982,203,-0.02879,275,0.08548,212,-0.10464,110
superbook|mid_5p5|tau0.06|book,superbook,mid_5p5,0.06,book,149,-0.01202,-0.01289,,0,-0.01202,149,,0,,0
fanduel|low_le4p5|tau0.08|pinnacle,fanduel,low_le4p5,0.08,pinnacle,1381,-0.0122,-0.01251,-0.00327,252,-0.03201,428,-0.02639,517,0.06153,184
fanduel|low_le4p5|tau0.1|pinnacle,fanduel,low_le4p5,0.1,pinnacle,1021,-0.01234,-0.01265,0.02008,183,-0.0288,315,-0.02886,391,0.0309,132
pinnacle|all|tau0.08|book,pinnacle,all,0.08,book,3158,-0.01235,-0.01287,-0.03667,737,-0.02303,1021,0.0207,992,-0.02202,408
betmgm|mid_5p5|tau0.04|book,betmgm,mid_5p5,0.04,book,1243,-0.01301,-0.01357,-0.02672,326,-0.01053,396,0.02216,352,-0.06562,169
fanatics|low_le4p5|tau0.04|pinnacle,fanatics,low_le4p5,0.04,pinnacle,802,-0.01303,-0.01341,,0,,0,-0.03705,642,0.08338,160
betonlineag|mid_5p5|tau0.1|book,betonlineag,mid_5p5,0.1,book,521,-0.01322,-0.0137,0.00712,99,-0.02307,208,0.09582,147,-0.25189,67
mybookieag|all|tau0.1|pinnacle,mybookieag,all,0.1,pinnacle,1501,-0.01331,-0.01404,-0.01374,399,-0.00782,576,-0.03704,377,0.02663,149
superbook|mid_5p5|tau0.04|book,superbook,mid_5p5,0.04,book,178,-0.01433,-0.01549,,0,-0.01433,178,,0,,0
draftkings|low_le4p5|tau0.04|book,draftkings,low_le4p5,0.04,book,2703,-0.01501,-0.01558,-0.05284,560,-0.03266,835,0.00384,963,0.0365,345
superbook|all|tau0.08|pinnacle,superbook,all,0.08,pinnacle,406,-0.01504,-0.0163,,0,-0.01504,406,,0,,0
draftkings|all|tau0.06|book,draftkings,all,0.06,book,4041,-0.01531,-0.01604,-0.06959,951,-0.00458,1270,0.01456,1300,-0.0169,520
fanduel|low_le4p5|tau0.02|book,fanduel,low_le4p5,0.02,book,3202,-0.01579,-0.01628,-0.03753,635,-0.04506,987,0.02265,1128,-0.01728,452
fanatics|all|tau0.1|pinnacle,fanatics,all,0.1,pinnacle,637,-0.01597,-0.01652,,0,,0,-0.04883,500,0.10395,137
draftkings|mid_5p5|tau0.08|pinnacle,draftkings,mid_5p5,0.08,pinnacle,755,-0.01597,-0.0166,-0.03145,201,-0.00356,270,0.06695,195,-0.20031,89
fanatics|low_le4p5|tau0.02|book,fanatics,low_le4p5,0.02,book,1144,-0.01603,-0.01665,,0,,0,-0.03124,910,0.04315,234
draftkings|low_le4p5|tau0.04|pinnacle,draftkings,low_le4p5,0.04,pinnacle,2564,-0.0161,-0.01667,-0.0498,555,-0.03663,824,0.00864,886,0.02974,299
draftkings|low_le4p5|tau0.06|pinnacle,draftkings,low_le4p5,0.06,pinnacle,2091,-0.01644,-0.01698,-0.0454,444,-0.04583,675,0.00987,732,0.0396,240
betmgm|low_le4p5|tau0.08|pinnacle,betmgm,low_le4p5,0.08,pinnacle,1531,-0.0169,-0.0175,0.01611,303,-0.05622,492,-0.00353,583,-0.00673,153
betrivers|low_le4p5|tau0.06|pinnacle,betrivers,low_le4p5,0.06,pinnacle,542,-0.01699,-0.0176,-0.0417,155,0.00381,116,-0.02743,147,0.00683,124
bovada|high_ge6p5|tau0.06|book,bovada,high_ge6p5,0.06,book,670,-0.0174,-0.01867,-0.1378,111,0.00096,254,-0.03817,204,0.11072,101
fanatics|mid_5p5|tau0.04|book,fanatics,mid_5p5,0.04,book,352,-0.01748,-0.01839,,0,,0,0.00715,265,-0.0925,87
barstool|low_le4p5|tau0.08|book,barstool,low_le4p5,0.08,book,280,-0.0176,-0.01546,-0.0176,280,,0,,0,,0
majors|all|tau0.06|book,majors,all,0.06,book,14299,-0.01776,-0.01864,-0.05732,3691,-0.01279,4975,0.01447,4086,-0.02447,1547
all|all|tau0.08|pinnacle,all,all,0.08,pinnacle,23642,-0.01798,-0.0188,-0.04716,5835,-0.01634,8258,0.00098,7049,-0.00874,2500
unibet_us|high_ge6p5|tau0.04|book,unibet_us,high_ge6p5,0.04,book,547,-0.01815,-0.02117,-0.04735,357,0.0367,190,,0,,0
pointsbetus|low_le4p5|tau0.04|pinnacle,pointsbetus,low_le4p5,0.04,pinnacle,635,-0.01846,-0.01951,-0.024,488,-6e-05,147,,0,,0
betmgm|all|tau0.06|book,betmgm,all,0.06,book,3880,-0.01861,-0.0195,-0.04092,897,-0.01862,1231,0.00408,1257,-0.03578,495
draftkings|high_ge6p5|tau0.08|pinnacle,draftkings,high_ge6p5,0.08,pinnacle,622,-0.01864,-0.02005,-0.10691,182,0.07535,219,-0.0643,154,0.01883,67
soft|all|tau0.08|pinnacle,soft,all,0.08,pinnacle,20484,-0.01884,-0.01972,-0.04868,5098,-0.01539,7237,-0.00224,6057,-0.00615,2092
betonlineag|all|tau0.04|book,betonlineag,all,0.04,book,4394,-0.01899,-0.01982,-0.04946,873,-0.01399,1538,0.0096,1516,-0.07129,467
betmgm|all|tau0.08|pinnacle,betmgm,all,0.08,pinnacle,2870,-0.01907,-0.01993,-0.02827,660,-0.02228,965,0.00306,948,-0.0588,297
majors|all|tau0.08|pinnacle,majors,all,0.08,pinnacle,10310,-0.01927,-0.02017,-0.04107,2656,-0.01811,3775,0.00227,2908,-0.02859,971
mybookieag|high_ge6p5|tau0.06|book,mybookieag,high_ge6p5,0.06,book,578,-0.01951,-0.02146,-0.08123,181,0.01411,232,-0.00304,115,0.01002,50
fanatics|high_ge6p5|tau0.04|book,fanatics,high_ge6p5,0.04,book,244,-0.01964,-0.02167,,0,,0,-0.04307,184,0.05222,60
bovada|low_le4p5|tau0.04|pinnacle,bovada,low_le4p5,0.04,pinnacle,2205,-0.01967,-0.02027,-0.12321,228,-0.0336,803,0.00811,877,0.01544,297
barstool|high_ge6p5|tau0.02|book,barstool,high_ge6p5,0.02,book,400,-0.0197,-0.02311,-0.0197,400,,0,,0,,0
soft|all|tau0.06|book,soft,all,0.06,book,32504,-0.01988,-0.02033,-0.05109,8832,-0.01453,10831,0.00202,9371,-0.01625,3470
pointsbetus|low_le4p5|tau0.02|book,pointsbetus,low_le4p5,0.02,book,887,-0.01993,-0.02117,-0.02884,671,0.00774,216,,0,,0
bovada|low_le4p5|tau0.06|book,bovada,low_le4p5,0.06,book,1877,-0.01996,-0.02044,-0.07562,198,-0.04441,651,-0.00257,737,0.02859,291
pointsbetus|low_le4p5|tau0.04|book,pointsbetus,low_le4p5,0.04,book,735,-0.0201,-0.02128,-0.04534,566,0.06446,169,,0,,0
betonlineag|high_ge6p5|tau0.06|book,betonlineag,high_ge6p5,0.06,book,734,-0.02019,-0.0219,-0.077,187,0.05009,254,-0.05529,222,-0.01223,71
pointsbetus|mid_5p5|tau0.08|book,pointsbetus,mid_5p5,0.08,book,269,-0.02039,-0.0213,0.00864,184,-0.08324,85,,0,,0
betrivers|mid_5p5|tau0.1|book,betrivers,mid_5p5,0.1,book,386,-0.02043,-0.01545,0.02126,84,-0.0856,149,0.00579,98,0.04572,55
bovada|low_le4p5|tau0.06|pinnacle,bovada,low_le4p5,0.06,pinnacle,1789,-0.02073,-0.0213,-0.08283,178,-0.05025,655,0.00817,718,0.01977,238
fanduel|all|tau0.04|book,fanduel,all,0.04,book,4809,-0.02078,-0.0217,-0.03835,1112,-0.02104,1523,0.00085,1534,-0.04146,640
pointsbetus|all|tau0.06|book,pointsbetus,all,0.06,book,1197,-0.02095,-0.0223,-0.03563,894,0.02238,303,,0,,0
betmgm|mid_5p5|tau0.06|pinnacle,betmgm,mid_5p5,0.06,pinnacle,951,-0.02095,-0.02186,-0.04704,249,-0.02725,318,0.05802,270,-0.13343,114
fanatics|mid_5p5|tau0.08|book,fanatics,mid_5p5,0.08,book,227,-0.02095,-0.02196,,0,,0,0.00464,172,-0.101,55
all|all|tau0.06|book,all,all,0.06,book,36518,-0.02118,-0.02171,-0.05261,9778,-0.01673,12114,0.00298,10634,-0.02208,3992
fanduel|high_ge6p5|tau0.04|book,fanduel,high_ge6p5,0.04,book,938,-0.02124,-0.02301,-0.05283,279,0.00335,302,-0.06893,250,0.10318,107
bovada|all|tau0.06|book,bovada,all,0.06,book,3400,-0.02142,-0.02217,-0.086,418,-0.02501,1228,0.0056,1223,-0.0245,531
williamhill_us|all|tau0.08|book,williamhill_us,all,0.08,book,1974,-0.02147,-0.02299,-0.06653,769,-0.00537,997,0.06793,208,,0
draftkings|mid_5p5|tau0.1|book,draftkings,mid_5p5,0.1,book,599,-0.02153,-0.02233,-0.01165,159,0.00238,210,0.06008,151,-0.26096,79
majors|low_le4p5|tau0.04|book,majors,low_le4p5,0.04,book,9445,-0.02158,-0.02245,-0.054,2150,-0.02875,3268,0.00372,2992,-0.00469,1035
soft|high_ge6p5|tau0.06|book,soft,high_ge6p5,0.06,book,7383,-0.02165,-0.02397,-0.07677,2437,0.03392,2533,-0.04907,1735,0.03908,678
fanduel|low_le4p5|tau0.04|pinnacle,fanduel,low_le4p5,0.04,pinnacle,2240,-0.02165,-0.02232,-0.04492,432,-0.0327,692,-0.01536,813,0.01991,303
betmgm|mid_5p5|tau0.06|book,betmgm,mid_5p5,0.06,book,1007,-0.02189,-0.02277,-0.02603,256,-0.02792,324,0.02448,290,-0.09803,137
betmgm|mid_5p5|tau0.02|book,betmgm,mid_5p5,0.02,book,1501,-0.02196,-0.02296,-0.02629,398,-0.02881,469,0.00177,427,-0.04708,207
pointsbetus|mid_5p5|tau0.06|pinnacle,pointsbetus,mid_5p5,0.06,pinnacle,284,-0.02201,-0.02324,-0.01752,210,-0.03474,74,,0,,0
unibet_us|low_le4p5|tau0.08|book,unibet_us,low_le4p5,0.08,book,374,-0.02203,-0.01907,-0.03894,251,0.01249,123,,0,,0
mybookieag|low_le4p5|tau0.06|book,mybookieag,low_le4p5,0.06,book,1462,-0.02214,-0.0232,-0.03235,343,-0.02846,530,-0.04775,445,0.1046,144
superbook|high_ge6p5|tau0.06|book,superbook,high_ge6p5,0.06,book,117,-0.02221,-0.02503,,0,-0.02221,117,,0,,0
all|mid_5p5|tau0.08|pinnacle,all,mid_5p5,0.08,pinnacle,6000,-0.02231,-0.02328,-0.026,1573,-0.02954,2241,0.05487,1496,-0.15773,690
betrivers|all|tau0.06|book,betrivers,all,0.06,book,3451,-0.02235,-0.0204,-0.04924,801,-0.01773,1080,-0.02126,1109,0.01098,461
betonlineag|all|tau0.06|pinnacle,betonlineag,all,0.06,pinnacle,3250,-0.0226,-0.02349,-0.07353,640,-0.01165,1140,0.0058,1146,-0.06098,324
betrivers|low_le4p5|tau0.04|book,betrivers,low_le4p5,0.04,book,2093,-0.02263,-0.02067,-0.05721,437,-0.04683,537,0.00146,788,0.00493,331
betonlineag|low_le4p5|tau0.02|pinnacle,betonlineag,low_le4p5,0.02,pinnacle,2732,-0.02273,-0.02348,-0.06407,482,-0.02878,929,-0.01084,1046,0.02499,275
betmgm|low_le4p5|tau0.04|book,betmgm,low_le4p5,0.04,book,2602,-0.02276,-0.02371,-0.03971,522,-0.01783,812,-0.00846,929,-0.04767,339
unibet_us|high_ge6p5|tau0.02|book,unibet_us,high_ge6p5,0.02,book,650,-0.0228,-0.02597,-0.03832,438,0.00925,212,,0,,0
pinnacle|low_le4p5|tau0.06|book,pinnacle,low_le4p5,0.06,book,2200,-0.02346,-0.02415,-0.03071,454,-0.05324,682,0.00997,777,-0.03178,287
bovada|all|tau0.06|pinnacle,bovada,all,0.06,pinnacle,3179,-0.0235,-0.02437,-0.10719,362,-0.0207,1219,0.01258,1171,-0.05946,427
majors|mid_5p5|tau0.08|pinnacle,majors,mid_5p5,0.08,pinnacle,2663,-0.0239,-0.02495,-0.02565,747,-0.03337,1022,0.06036,623,-0.17701,271
soft|mid_5p5|tau0.08|pinnacle,soft,mid_5p5,0.08,pinnacle,5200,-0.02394,-0.02499,-0.02395,1370,-0.02965,1966,0.04982,1284,-0.1678,580
mybookieag|low_le4p5|tau0.1|pinnacle,mybookieag,low_le4p5,0.1,pinnacle,767,-0.02406,-0.02493,0.0603,175,-0.03249,274,-0.11075,245,0.09633,73
betonlineag|mid_5p5|tau0.08|pinnacle,betonlineag,mid_5p5,0.08,pinnacle,639,-0.02409,-0.0251,-0.03673,135,-0.03442,247,0.05599,188,-0.18056,69
fanatics|all|tau0.08|pinnacle,fanatics,all,0.08,pinnacle,835,-0.02428,-0.02511,,0,,0,-0.05276,660,0.08312,175
superbook|mid_5p5|tau0.04|pinnacle,superbook,mid_5p5,0.04,pinnacle,170,-0.02433,-0.02604,,0,-0.02433,170,,0,,0
soft|low_le4p5|tau0.04|book,soft,low_le4p5,0.04,book,21279,-0.02439,-0.02479,-0.05761,5183,-0.03546,6845,-0.00163,6903,0.01429,2348
all|low_le4p5|tau0.04|book,all,low_le4p5,0.04,book,23985,-0.02446,-0.02491,-0.05575,5751,-0.03647,7682,-0.00064,7846,0.00709,2706
williamhill_us|low_le4p5|tau0.08|pinnacle,williamhill_us,low_le4p5,0.08,pinnacle,931,-0.02454,-0.02596,-0.03017,336,-0.04968,491,0.11234,104,,0
pointsbetus|high_ge6p5|tau0.02|book,pointsbetus,high_ge6p5,0.02,book,359,-0.02464,-0.02712,-0.04776,280,0.05732,79,,0,,0
barstool|mid_5p5|tau0.04|pinnacle,barstool,mid_5p5,0.04,pinnacle,54,-0.02469,-0.02583,-0.02469,54,,0,,0,,0
mybookieag|all|tau0.08|book,mybookieag,all,0.08,book,2194,-0.02474,-0.02622,-0.01602,571,-0.03011,841,-0.02394,559,-0.02882,223
barstool|mid_5p5|tau0.1|pinnacle,barstool,mid_5p5,0.1,pinnacle,23,-0.02488,-0.02585,-0.02488,23,,0,,0,,0
betmgm|high_ge6p5|tau0.1|pinnacle,betmgm,high_ge6p5,0.1,pinnacle,513,-0.02491,-0.02691,-0.09718,142,0.07255,184,-0.05679,142,-0.09474,45
superbook|all|tau0.06|book,superbook,all,0.06,book,530,-0.02496,-0.02702,,0,-0.02496,530,,0,,0
pinnacle|low_le4p5|tau0.04|book,pinnacle,low_le4p5,0.04,book,2706,-0.025,-0.02581,-0.03881,568,-0.04471,837,0.00656,943,-0.04011,358
all|high_ge6p5|tau0.06|book,all,high_ge6p5,0.06,book,8157,-0.02543,-0.02812,-0.08032,2657,0.02995,2793,-0.05123,1937,0.02792,770
fanduel|all|tau0.08|pinnacle,fanduel,all,0.08,pinnacle,2587,-0.02543,-0.02644,-0.03236,562,-0.02617,846,-0.01881,840,-0.02849,339
betonlineag|all|tau0.04|pinnacle,betonlineag,all,0.04,pinnacle,3955,-0.02544,-0.0265,-0.0672,813,-0.01266,1360,-0.00483,1388,-0.05594,394
bovada|mid_5p5|tau0.04|book,bovada,mid_5p5,0.04,book,1037,-0.02544,-0.0263,-0.03761,146,0.01416,386,0.04263,330,-0.23096,175
fanatics|low_le4p5|tau0.1|pinnacle,fanatics,low_le4p5,0.1,pinnacle,380,-0.02577,-0.02626,,0,,0,-0.07292,310,0.18305,70
fanduel|high_ge6p5|tau0.02|book,fanduel,high_ge6p5,0.02,book,1034,-0.02591,-0.02803,-0.05012,307,0.00874,326,-0.0791,267,0.05122,134
all|mid_5p5|tau0.08|book,all,mid_5p5,0.08,book,7204,-0.02595,-0.02551,-0.01299,1978,-0.04103,2634,0.04646,1771,-0.16498,821
pointsbetus|low_le4p5|tau0.06|pinnacle,pointsbetus,low_le4p5,0.06,pinnacle,508,-0.02604,-0.02759,-0.01081,388,-0.0753,120,,0,,0
bovada|high_ge6p5|tau0.04|book,bovada,high_ge6p5,0.04,book,750,-0.02606,-0.028,-0.1347,127,-0.00558,288,-0.07875,226,0.15568,109
bovada|all|tau0.04|book,bovada,all,0.04,book,4096,-0.02611,-0.02712,-0.09687,542,-0.02691,1477,0.00082,1445,-0.02512,632
betrivers|high_ge6p5|tau0.02|book,betrivers,high_ge6p5,0.02,book,1647,-0.02613,-0.02778,-0.04133,435,-0.01999,559,-0.05982,487,0.09182,166
all|low_le4p5|tau0.06|pinnacle,all,low_le4p5,0.06,pinnacle,16513,-0.02641,-0.02737,-0.04151,3666,-0.0503,5539,-0.00681,5543,0.01836,1765
bovada|low_le4p5|tau0.04|book,bovada,low_le4p5,0.04,book,2309,-0.02643,-0.0272,-0.11117,269,-0.0543,803,0.00553,889,0.02176,348
bovada|all|tau0.04|pinnacle,bovada,all,0.04,pinnacle,3872,-0.02666,-0.02771,-0.11227,464,-0.01676,1464,0.0004,1419,-0.05175,525
soft|low_le4p5|tau0.06|pinnacle,soft,low_le4p5,0.06,pinnacle,14313,-0.02686,-0.02786,-0.04304,3212,-0.04989,4857,-0.00954,4766,0.02809,1478
pinnacle|mid_5p5|tau0.06|book,pinnacle,mid_5p5,0.06,book,1040,-0.02704,-0.0283,-0.08427,272,-0.01965,341,0.06731,284,-0.12316,143
betonlineag|low_le4p5|tau0.02|book,betonlineag,low_le4p5,0.02,book,3038,-0.02713,-0.02806,-0.0806,521,-0.04199,1029,0.00147,1156,0.00325,332
unibet_us|low_le4p5|tau0.1|pinnacle,unibet_us,low_le4p5,0.1,pinnacle,108,-0.02714,-0.02849,-0.01426,87,-0.08052,21,,0,,0
all|low_le4p5|tau0.04|pinnacle,all,low_le4p5,0.04,pinnacle,20358,-0.02725,-0.02829,-0.05321,4625,-0.04165,6771,-0.00714,6747,0.00976,2215
draftkings|all|tau0.04|book,draftkings,all,0.04,book,4931,-0.02725,-0.02856,-0.07061,1168,-0.01992,1547,-0.00236,1584,-0.02746,632
betmgm|all|tau0.04|book,betmgm,all,0.04,book,4742,-0.02752,-0.02888,-0.05327,1106,-0.01408,1505,-0.01322,1516,-0.04936,615
williamhill_us|high_ge6p5|tau0.08|pinnacle,williamhill_us,high_ge6p5,0.08,pinnacle,430,-0.02766,-0.03048,-0.11328,178,0.06733,211,-0.1448,41,,0
barstool|mid_5p5|tau0.06|pinnacle,barstool,mid_5p5,0.06,pinnacle,39,-0.02769,-0.02862,-0.02769,39,,0,,0,,0
soft|low_le4p5|tau0.04|pinnacle,soft,low_le4p5,0.04,pinnacle,17654,-0.0277,-0.02879,-0.05523,4057,-0.04138,5935,-0.00954,5805,0.01938,1857
draftkings|all|tau0.06|pinnacle,draftkings,all,0.06,pinnacle,3808,-0.02771,-0.02893,-0.07248,930,-0.01885,1263,0.0047,1183,-0.04605,432
soft|mid_5p5|tau0.08|book,soft,mid_5p5,0.08,book,6404,-0.02772,-0.02707,-0.00992,1775,-0.04245,2359,0.04115,1559,-0.17432,711
majors|low_le4p5|tau0.04|pinnacle,majors,low_le4p5,0.04,pinnacle,8752,-0.02775,-0.02884,-0.04772,2039,-0.04239,3093,-0.00431,2761,-0.00295,859
mybookieag|low_le4p5|tau0.08|pinnacle,mybookieag,low_le4p5,0.08,pinnacle,1030,-0.02776,-0.02892,0.01362,233,-0.05556,377,-0.07279,323,0.1308,97
bovada|mid_5p5|tau0.06|book,bovada,mid_5p5,0.06,book,853,-0.02778,-0.0286,-0.05212,109,-0.00631,323,0.05865,282,-0.23391,139
fanduel|all|tau0.02|book,fanduel,all,0.02,book,5769,-0.02794,-0.02921,-0.04629,1344,-0.031,1809,-0.00034,1821,-0.05316,795
fanatics|all|tau0.06|pinnacle,fanatics,all,0.06,pinnacle,1066,-0.02802,-0.02911,,0,,0,-0.03841,837,0.00996,229
superbook|high_ge6p5|tau0.02|pinnacle,superbook,high_ge6p5,0.02,pinnacle,118,-0.02825,-0.03173,,0,-0.02825,118,,0,,0
fanduel|low_le4p5|tau0.02|pinnacle,fanduel,low_le4p5,0.02,pinnacle,2740,-0.02828,-0.02927,-0.05934,524,-0.03532,847,-0.02349,991,0.01802,378
majors|low_le4p5|tau0.06|pinnacle,majors,low_le4p5,0.06,pinnacle,7106,-0.0283,-0.02936,-0.04179,1619,-0.05194,2526,-0.00237,2273,0.00459,688
bovada|high_ge6p5|tau0.08|pinnacle,bovada,high_ge6p5,0.08,pinnacle,503,-0.02837,-0.03047,-0.23934,77,0.05218,208,-0.03881,156,-0.01033,62
draftkings|low_le4p5|tau0.02|pinnacle,draftkings,low_le4p5,0.02,pinnacle,3122,-0.02842,-0.02954,-0.06433,672,-0.0424,1010,-0.00862,1070,0.0177,370
betmgm|high_ge6p5|tau0.08|book,betmgm,high_ge6p5,0.08,book,674,-0.02858,-0.03092,-0.09954,184,0.06257,230,-0.07249,178,-0.02971,82
superbook|all|tau0.06|pinnacle,superbook,all,0.06,pinnacle,516,-0.02883,-0.03128,,0,-0.02883,516,,0,,0
draftkings|high_ge6p5|tau0.06|book,draftkings,high_ge6p5,0.06,book,831,-0.02886,-0.03127,-0.13181,225,0.03789,271,-0.03227,227,0.02528,108
fanduel|low_le4p5|tau0.06|pinnacle,fanduel,low_le4p5,0.06,pinnacle,1808,-0.02889,-0.02974,-0.04082,337,-0.04351,563,-0.02818,666,0.01976,242
superbook|low_le4p5|tau0.1|pinnacle,superbook,low_le4p5,0.1,pinnacle,140,-0.02915,-0.03124,,0,-0.02915,140,,0,,0
unibet_us|mid_5p5|tau0.1|pinnacle,unibet_us,mid_5p5,0.1,pinnacle,50,-0.02916,-0.03062,-0.02127,37,-0.05161,13,,0,,0
majors|high_ge6p5|tau0.06|book,majors,high_ge6p5,0.06,book,3003,-0.02963,-0.03221,-0.10046,913,0.03189,1061,-0.0515,725,0.0205,304
fanatics|mid_5p5|tau0.06|book,fanatics,mid_5p5,0.06,book,289,-0.02969,-0.03117,,0,,0,0.00633,215,-0.13435,74
betonlineag|mid_5p5|tau0.08|book,betonlineag,mid_5p5,0.08,book,696,-0.02976,-0.03088,-0.02378,145,-0.02656,264,0.05521,204,-0.2592,83
pointsbetus|all|tau0.04|book,pointsbetus,all,0.04,book,1467,-0.02995,-0.03196,-0.04555,1112,0.01892,355,,0,,0
pinnacle|high_ge6p5|tau0.08|book,pinnacle,high_ge6p5,0.08,book,657,-0.03006,-0.03279,-0.10828,186,0.03895,224,-0.06135,167,0.02392,80
fanatics|high_ge6p5|tau0.06|book,fanatics,high_ge6p5,0.06,book,212,-0.03009,-0.03306,,0,,0,-0.06009,163,0.06971,49
betrivers|all|tau0.04|book,betrivers,all,0.04,book,4394,-0.03019,-0.02746,-0.03199,1018,-0.04526,1365,-0.02359,1419,-0.00818,592
draftkings|low_le4p5|tau0.02|book,draftkings,low_le4p5,0.02,book,3326,-0.03021,-0.03137,-0.04838,675,-0.0417,1038,-0.01879,1173,-0.00565,440
majors|all|tau0.04|book,majors,all,0.04,book,17465,-0.03024,-0.03179,-0.06623,4550,-0.02148,6084,-0.00443,4944,-0.03935,1887
betmgm|low_le4p5|tau0.06|pinnacle,betmgm,low_le4p5,0.06,pinnacle,1984,-0.03051,-0.03165,-0.01804,397,-0.05899,642,-0.00591,739,-0.05401,206
soft|all|tau0.04|book,soft,all,0.04,book,39969,-0.03057,-0.03124,-0.05588,11048,-0.02769,13278,-0.00888,11388,-0.03193,4255
mybookieag|mid_5p5|tau0.1|pinnacle,mybookieag,mid_5p5,0.1,pinnacle,382,-0.03067,-0.03226,-0.05621,113,-0.04443,156,0.13356,67,-0.16051,46
fanatics|high_ge6p5|tau0.1|pinnacle,fanatics,high_ge6p5,0.1,pinnacle,121,-0.03079,-0.03322,,0,,0,-0.04963,91,0.02635,30
bovada|mid_5p5|tau0.02|pinnacle,bovada,mid_5p5,0.02,pinnacle,1188,-0.03082,-0.03204,-0.03006,163,-0.03536,454,0.01286,403,-0.12406,168
fanatics|mid_5p5|tau0.08|pinnacle,fanatics,mid_5p5,0.08,pinnacle,190,-0.03095,-0.0322,,0,,0,-0.01802,143,-0.07031,47
williamhill_us|low_le4p5|tau0.06|book,williamhill_us,low_le4p5,0.06,book,1260,-0.03105,-0.03281,-0.06636,461,-0.02531,653,0.05477,146,,0
bovada|low_le4p5|tau0.02|pinnacle,bovada,low_le4p5,0.02,pinnacle,2698,-0.03116,-0.03224,-0.12916,277,-0.03978,986,-0.01299,1066,0.01299,369
betmgm|low_le4p5|tau0.02|book,betmgm,low_le4p5,0.02,book,3168,-0.03119,-0.03253,-0.04659,629,-0.03103,980,-0.01653,1129,-0.04756,430
betonlineag|mid_5p5|tau0.04|book,betonlineag,mid_5p5,0.04,book,1105,-0.0312,-0.03258,-0.05218,242,0.00045,404,0.03248,335,-0.26541,124
williamhill_us|all|tau0.08|pinnacle,williamhill_us,all,0.08,pinnacle,1867,-0.03123,-0.0334,-0.05915,713,-0.02017,960,0.01669,194,,0
all|all|tau0.04|book,all,all,0.04,book,44851,-0.03142,-0.03219,-0.05748,12227,-0.02862,14816,-0.00826,12916,-0.03593,4892
betmgm|low_le4p5|tau0.04|pinnacle,betmgm,low_le4p5,0.04,pinnacle,2440,-0.03159,-0.03281,-0.02729,500,-0.0485,785,-0.0088,898,-0.06793,257
pinnacle|all|tau0.06|book,pinnacle,all,0.06,book,4014,-0.03174,-0.03316,-0.06679,946,-0.03528,1283,0.01011,1263,-0.06078,522
majors|low_le4p5|tau0.02|book,majors,low_le4p5,0.02,book,11581,-0.03188,-0.0332,-0.05628,2623,-0.04087,3998,-0.00756,3638,-0.02326,1322
superbook|mid_5p5|tau0.02|book,superbook,mid_5p5,0.02,book,206,-0.03198,-0.03451,,0,-0.03198,206,,0,,0
bovada|mid_5p5|tau0.02|book,bovada,mid_5p5,0.02,book,1271,-0.03225,-0.03345,-0.04042,185,-0.01354,465,0.01815,409,-0.16339,212
mybookieag|high_ge6p5|tau0.08|pinnacle,mybookieag,high_ge6p5,0.08,pinnacle,416,-0.0323,-0.03531,-0.15577,131,0.02629,169,0.00474,78,0.05678,38
draftkings|mid_5p5|tau0.06|pinnacle,draftkings,mid_5p5,0.06,pinnacle,983,-0.03309,-0.03457,-0.07957,270,0.00312,333,0.0504,264,-0.21885,116
superbook|low_le4p5|tau0.08|pinnacle,superbook,low_le4p5,0.08,pinnacle,202,-0.03312,-0.03541,,0,-0.03312,202,,0,,0
majors|high_ge6p5|tau0.08|pinnacle,majors,high_ge6p5,0.08,pinnacle,2195,-0.03338,-0.03612,-0.11699,680,0.06336,827,-0.07955,504,-0.03267,184
draftkings|all|tau0.04|pinnacle,draftkings,all,0.04,pinnacle,4625,-0.03346,-0.03498,-0.07607,1159,-0.01932,1510,-0.01042,1430,-0.0428,526
superbook|low_le4p5|tau0.06|book,superbook,low_le4p5,0.06,book,264,-0.03349,-0.0357,,0,-0.03349,264,,0,,0
pointsbetus|all|tau0.02|book,pointsbetus,all,0.02,book,1743,-0.03351,-0.03585,-0.04191,1326,-0.00679,417,,0,,0
fanatics|low_le4p5|tau0.02|pinnacle,fanatics,low_le4p5,0.02,pinnacle,970,-0.03354,-0.03476,,0,,0,-0.05414,770,0.04576,200
pointsbetus|low_le4p5|tau0.02|pinnacle,pointsbetus,low_le4p5,0.02,pinnacle,764,-0.0336,-0.03575,-0.03849,585,-0.01763,179,,0,,0
soft|high_ge6p5|tau0.04|book,soft,high_ge6p5,0.04,book,8548,-0.0337,-0.03701,-0.07325,2916,0.00017,2888,-0.05493,1973,0.04331,771
majors|mid_5p5|tau0.08|book,majors,mid_5p5,0.08,book,2954,-0.03398,-0.03552,-0.06825,830,-0.03044,1087,0.06044,713,-0.16586,324
bovada|low_le4p5|tau0.02|book,bovada,low_le4p5,0.02,book,2841,-0.03409,-0.03522,-0.10329,328,-0.04015,991,-0.01202,1081,-0.02308,441
fanatics|all|tau0.02|book,fanatics,all,0.02,book,1846,-0.03434,-0.03613,,0,,0,-0.03923,1436,-0.01723,410
betmgm|mid_5p5|tau0.04|pinnacle,betmgm,mid_5p5,0.04,pinnacle,1176,-0.03474,-0.03626,-0.07769,323,-0.03479,380,0.03044,338,-0.09502,135
betonlineag|mid_5p5|tau0.06|pinnacle,betonlineag,mid_5p5,0.06,pinnacle,831,-0.03494,-0.03647,-0.06138,182,-0.01944,304,0.0514,253,-0.27125,92
bovada|all|tau0.02|book,bovada,all,0.02,book,4935,-0.03503,-0.03646,-0.09568,649,-0.02906,1763,-0.01578,1736,-0.04084,787
betmgm|all|tau0.02|book,betmgm,all,0.02,book,5660,-0.03521,-0.03697,-0.0533,1316,-0.02802,1773,-0.02333,1814,-0.04906,757
barstool|high_ge6p5|tau0.06|book,barstool,high_ge6p5,0.06,book,257,-0.03547,-0.04523,-0.03547,257,,0,,0,,0
pointsbetus|mid_5p5|tau0.04|book,pointsbetus,mid_5p5,0.04,book,408,-0.03566,-0.03752,-0.02241,296,-0.07068,112,,0,,0
betmgm|all|tau0.06|pinnacle,betmgm,all,0.06,pinnacle,3647,-0.03576,-0.03743,-0.05511,846,-0.03688,1211,-0.00221,1208,-0.0954,382
draftkings|mid_5p5|tau0.06|book,draftkings,mid_5p5,0.06,book,1047,-0.03587,-0.03747,-0.05994,280,-0.01036,336,0.03262,298,-0.20314,133
mybookieag|all|tau0.06|book,mybookieag,all,0.06,book,2758,-0.03605,-0.0383,-0.05169,732,-0.02431,1052,-0.04111,699,-0.0265,275
betonlineag|all|tau0.02|book,betonlineag,all,0.02,book,5311,-0.03626,-0.03794,-0.06462,1059,-0.03419,1829,-0.01027,1844,-0.07366,579
all|all|tau0.06|pinnacle,all,all,0.06,pinnacle,30153,-0.03636,-0.03811,-0.07502,7575,-0.02953,10392,-0.00592,8987,-0.05253,3199
unibet_us|all|tau0.06|book,unibet_us,all,0.06,book,1229,-0.03666,-0.03362,-0.04779,801,-0.01583,428,,0,,0
all|mid_5p5|tau0.06|pinnacle,all,mid_5p5,0.06,pinnacle,7799,-0.03687,-0.03864,-0.06861,2139,-0.02171,2762,0.04465,2000,-0.18946,898
all|high_ge6p5|tau0.04|book,all,high_ge6p5,0.04,book,9444,-0.03704,-0.04065,-0.07442,3177,-0.00136,3184,-0.06016,2204,0.02674,879
soft|all|tau0.06|pinnacle,soft,all,0.06,pinnacle,26139,-0.03707,-0.03887,-0.07619,6629,-0.02872,9109,-0.00855,7724,-0.05092,2677
majors|all|tau0.06|pinnacle,majors,all,0.06,pinnacle,13143,-0.03716,-0.03895,-0.07133,3432,-0.03101,4750,-0.00391,3714,-0.06553,1247
all|high_ge6p5|tau0.08|pinnacle,all,high_ge6p5,0.08,pinnacle,4962,-0.03729,-0.04049,-0.1451,1483,0.05628,1809,-0.06275,1194,0.00684,476
pinnacle|low_le4p5|tau0.02|book,pinnacle,low_le4p5,0.02,book,3297,-0.03739,-0.03879,-0.05364,688,-0.05201,1023,-0.01301,1143,-0.04132,443
unibet_us|all|tau0.08|pinnacle,unibet_us,all,0.08,pinnacle,300,-0.03752,-0.04026,-0.08467,223,0.09905,77,,0,,0
unibet_us|all|tau0.04|book,unibet_us,all,0.04,book,1541,-0.03756,-0.03401,-0.03275,1020,-0.04697,521,,0,,0
majors|mid_5p5|tau0.06|pinnacle,majors,mid_5p5,0.06,pinnacle,3455,-0.0379,-0.03972,-0.07378,1008,-0.02659,1263,0.05124,833,-0.18708,351
draftkings|mid_5p5|tau0.08|book,draftkings,mid_5p5,0.08,book,807,-0.03828,-0.03982,-0.08933,207,0.01419,273,0.0439,223,-0.25065,104
pinnacle|all|tau0.04|book,pinnacle,all,0.04,book,4882,-0.03838,-0.04016,-0.07248,1179,-0.03673,1538,-0.00361,1528,-0.06267,637
soft|mid_5p5|tau0.06|pinnacle,soft,mid_5p5,0.06,pinnacle,6759,-0.03838,-0.04023,-0.06633,1867,-0.022,2421,0.0409,1716,-0.20201,755
soft|high_ge6p5|tau0.08|pinnacle,soft,high_ge6p5,0.08,pinnacle,4305,-0.0384,-0.04166,-0.15038,1297,0.05872,1585,-0.06297,1027,0.00338,396
majors|low_le4p5|tau0.02|pinnacle,majors,low_le4p5,0.02,pinnacle,10678,-0.03841,-0.04004,-0.06483,2471,-0.04622,3791,-0.02002,3348,-0.00724,1068
all|low_le4p5|tau0.02|book,all,low_le4p5,0.02,book,29481,-0.03864,-0.03953,-0.07096,7036,-0.05029,9452,-0.0134,9558,-0.0106,3435
barstool|all|tau0.06|book,barstool,all,0.06,book,795,-0.03879,-0.03602,-0.03879,795,,0,,0,,0
soft|low_le4p5|tau0.02|book,soft,low_le4p5,0.02,book,26184,-0.03879,-0.03962,-0.07284,6348,-0.05008,8429,-0.01345,8415,-0.00605,2992
mybookieag|high_ge6p5|tau0.04|book,mybookieag,high_ge6p5,0.04,book,648,-0.03902,-0.04273,-0.06279,211,-0.02738,252,-0.03291,126,-0.01677,59
fanduel|mid_5p5|tau0.08|pinnacle,fanduel,mid_5p5,0.08,pinnacle,669,-0.03929,-0.04089,-0.00684,162,-0.0754,236,0.06327,178,-0.20049,93
bovada|all|tau0.02|pinnacle,bovada,all,0.02,pinnacle,4631,-0.0393,-0.04095,-0.11855,556,-0.03417,1739,-0.01963,1705,-0.03674,631
majors|all|tau0.02|book,majors,all,0.02,book,20921,-0.03958,-0.04162,-0.06646,5476,-0.03359,7230,-0.01735,5880,-0.05102,2335
majors|mid_5p5|tau0.04|book,majors,mid_5p5,0.04,book,4624,-0.03973,-0.04167,-0.06471,1334,-0.02424,1620,0.01669,1150,-0.14863,520
mybookieag|low_le4p5|tau0.04|book,mybookieag,low_le4p5,0.04,book,1847,-0.03982,-0.04188,-0.02284,426,-0.0632,683,-0.05343,542,0.04234,196
williamhill_us|all|tau0.06|book,williamhill_us,all,0.06,book,2472,-0.03991,-0.04264,-0.08954,963,-0.01704,1241,0.03254,268,,0
all|low_le4p5|tau0.02|pinnacle,all,low_le4p5,0.02,pinnacle,24862,-0.03999,-0.04167,-0.06885,5613,-0.04948,8319,-0.02597,8181,0.00591,2749
majors|mid_5p5|tau0.06|book,majors,mid_5p5,0.06,book,3759,-0.03999,-0.04187,-0.05773,1063,-0.03849,1335,0.033,953,-0.1692,408
betonlineag|mid_5p5|tau0.06|book,betonlineag,mid_5p5,0.06,book,888,-0.04003,-0.04173,-0.00097,186,-0.03147,329,0.01485,266,-0.27069,107
draftkings|all|tau0.02|book,draftkings,all,0.02,book,5934,-0.04004,-0.04198,-0.06507,1409,-0.03179,1855,-0.02503,1887,-0.05074,783
soft|low_le4p5|tau0.02|pinnacle,soft,low_le4p5,0.02,pinnacle,21565,-0.04039,-0.04212,-0.07097,4925,-0.04913,7296,-0.02807,7038,0.01498,2306
betrivers|all|tau0.06|pinnacle,betrivers,all,0.06,pinnacle,901,-0.04056,-0.04254,-0.10417,288,-0.01295,182,-0.03349,223,0.01576,208
soft|high_ge6p5|tau0.02|book,soft,high_ge6p5,0.02,book,9703,-0.04066,-0.0443,-0.06203,3373,-0.01373,3188,-0.07284,2214,0.02133,928
williamhill_us|mid_5p5|tau0.1|pinnacle,williamhill_us,mid_5p5,0.1,pinnacle,382,-0.04067,-0.04292,-0.05141,156,-0.01606,189,-0.12103,37,,0
fanatics|all|tau0.04|pinnacle,fanatics,all,0.04,pinnacle,1302,-0.04069,-0.04242,,0,,0,-0.04928,1017,-0.01003,285
fanduel|all|tau0.06|pinnacle,fanduel,all,0.06,pinnacle,3307,-0.04075,-0.04241,-0.06727,735,-0.03492,1062,-0.0212,1077,-0.05863,433
betmgm|all|tau0.04|pinnacle,betmgm,all,0.04,pinnacle,4440,-0.0408,-0.04272,-0.05876,1062,-0.03515,1450,-0.01502,1461,-0.09811,467
fanatics|mid_5p5|tau0.06|pinnacle,fanatics,mid_5p5,0.06,pinnacle,257,-0.04088,-0.04294,,0,,0,-0.00114,191,-0.1559,66
soft|mid_5p5|tau0.04|book,soft,mid_5p5,0.04,book,10142,-0.04091,-0.04002,-0.03567,2949,-0.03537,3545,0.00736,2512,-0.17853,1136
draftkings|high_ge6p5|tau0.04|book,draftkings,high_ge6p5,0.04,book,945,-0.04092,-0.04428,-0.09857,268,0.00806,303,-0.05727,256,-0.00029,118
fanduel|all|tau0.04|pinnacle,fanduel,all,0.04,pinnacle,4048,-0.04098,-0.04271,-0.06868,936,-0.03335,1268,-0.02546,1311,-0.04869,533
pointsbetus|all|tau0.06|pinnacle,pointsbetus,all,0.06,pinnacle,1016,-0.041,-0.04368,-0.04495,768,-0.02878,248,,0,,0
betonlineag|high_ge6p5|tau0.08|pinnacle,betonlineag,high_ge6p5,0.08,pinnacle,523,-0.04129,-0.04444,-0.19504,132,0.05716,187,-0.05579,155,0.04301,49
all|mid_5p5|tau0.04|book,all,mid_5p5,0.04,book,11422,-0.0414,-0.0408,-0.04418,3299,-0.03535,3950,0.01081,2866,-0.16716,1307
majors|high_ge6p5|tau0.04|book,majors,high_ge6p5,0.04,book,3396,-0.04144,-0.04503,-0.09281,1066,0.00213,1196,-0.06513,802,0.02379,332
majors|all|tau0.04|pinnacle,majors,all,0.04,pinnacle,16002,-0.04167,-0.04372,-0.07482,4307,-0.03076,5678,-0.01682,4491,-0.06179,1526
all|all|tau0.04|pinnacle,all,all,0.04,pinnacle,36700,-0.04215,-0.04422,-0.07956,9499,-0.03081,12392,-0.01857,10888,-0.05284,3921
fanduel|high_ge6p5|tau0.08|pinnacle,fanduel,high_ge6p5,0.08,pinnacle,537,-0.04218,-0.04535,-0.10981,148,0.05141,182,-0.09254,145,-0.03767,62
betmgm|low_le4p5|tau0.02|pinnacle,betmgm,low_le4p5,0.02,pinnacle,2977,-0.04221,-0.04393,-0.04777,608,-0.04936,963,-0.02576,1086,-0.06592,320
all|mid_5p5|tau0.06|book,all,mid_5p5,0.06,book,9231,-0.04237,-0.04194,-0.04355,2587,-0.04307,3255,0.02292,2331,-0.18114,1058
mybookieag|low_le4p5|tau0.04|pinnacle,mybookieag,low_le4p5,0.04,pinnacle,1666,-0.04237,-0.04438,-0.04045,400,-0.06159,611,-0.05776,492,0.07138,163
bovada|high_ge6p5|tau0.02|book,bovada,high_ge6p5,0.02,book,823,-0.04257,-0.04568,-0.15251,136,-0.01677,307,-0.08868,246,0.09458,134
superbook|mid_5p5|tau0.08|pinnacle,superbook,mid_5p5,0.08,pinnacle,114,-0.04274,-0.04553,,0,-0.04274,114,,0,,0
soft|all|tau0.04|pinnacle,soft,all,0.04,pinnacle,31819,-0.04276,-0.04488,-0.08045,8319,-0.03007,10855,-0.02112,9361,-0.05094,3284
draftkings|high_ge6p5|tau0.02|book,draftkings,high_ge6p5,0.02,book,1056,-0.04292,-0.04644,-0.07752,308,0.00248,332,-0.07491,277,-0.01098,139
betonlineag|all|tau0.02|pinnacle,betonlineag,all,0.02,pinnacle,4740,-0.04293,-0.04482,-0.08496,979,-0.03131,1613,-0.02756,1669,-0.04969,479
draftkings|mid_5p5|tau0.04|book,draftkings,mid_5p5,0.04,book,1283,-0.04298,-0.04492,-0.07784,340,-0.01466,409,0.0198,365,-0.17699,169
mybookieag|all|tau0.08|pinnacle,mybookieag,all,0.08,pinnacle,1963,-0.04305,-0.0455,-0.04555,507,-0.04749,763,-0.0493,502,-0.00224,191
soft|all|tau0.02|book,soft,all,0.02,book,48177,-0.04342,-0.04453,-0.06255,13360,-0.04456,15822,-0.02328,13694,-0.04386,5301
fanduel|mid_5p5|tau0.08|book,fanduel,mid_5p5,0.08,book,817,-0.04353,-0.04546,-0.07781,201,-0.05751,276,0.09469,227,-0.22605,113
williamhill_us|high_ge6p5|tau0.06|book,williamhill_us,high_ge6p5,0.06,book,544,-0.04353,-0.04814,-0.13493,228,0.02836,260,-0.00521,56,,0
williamhill_us|high_ge6p5|tau0.04|book,williamhill_us,high_ge6p5,0.04,book,616,-0.04387,-0.04843,-0.10843,261,0.00558,294,-0.00597,61,,0
betonlineag|high_ge6p5|tau0.04|book,betonlineag,high_ge6p5,0.04,book,828,-0.04403,-0.04765,-0.06688,215,-0.0143,287,-0.06064,243,-0.03899,83
williamhill_us|low_le4p5|tau0.06|pinnacle,williamhill_us,low_le4p5,0.06,pinnacle,1223,-0.04413,-0.04668,-0.06027,441,-0.05868,646,0.07735,136,,0
all|all|tau0.02|book,all,all,0.02,book,54013,-0.04425,-0.04548,-0.06443,14774,-0.04552,17641,-0.02317,15526,-0.04532,6072
soft|mid_5p5|tau0.06|book,soft,mid_5p5,0.06,book,8191,-0.04431,-0.04358,-0.03877,2315,-0.04581,2914,0.01676,2047,-0.1902,915
mybookieag|high_ge6p5|tau0.02|book,mybookieag,high_ge6p5,0.02,book,731,-0.04432,-0.04867,-0.04801,238,-0.03466,276,-0.05886,146,-0.03961,71
all|high_ge6p5|tau0.02|book,all,high_ge6p5,0.02,book,10699,-0.04433,-0.04831,-0.06548,3678,-0.01573,3506,-0.07643,2467,0.00972,1048
betonlineag|mid_5p5|tau0.04|pinnacle,betonlineag,mid_5p5,0.04,pinnacle,1015,-0.04468,-0.04677,-0.07086,236,-0.02879,359,0.01857,314,-0.22756,106
betmgm|high_ge6p5|tau0.08|pinnacle,betmgm,high_ge6p5,0.08,pinnacle,606,-0.04476,-0.04831,-0.13769,172,0.05735,215,-0.06608,164,-0.08977,55
pointsbetus|mid_5p5|tau0.06|book,pointsbetus,mid_5p5,0.06,book,332,-0.04484,-0.04704,-0.04841,232,-0.03656,100,,0,,0
pointsbetus|all|tau0.04|pinnacle,pointsbetus,all,0.04,pinnacle,1242,-0.04511,-0.04799,-0.05614,959,-0.00774,283,,0,,0
pointsbetus|high_ge6p5|tau0.04|book,pointsbetus,high_ge6p5,0.04,book,324,-0.04512,-0.04978,-0.07343,250,0.05052,74,,0,,0
barstool|all|tau0.02|book,barstool,all,0.02,book,1240,-0.04527,-0.04246,-0.04527,1240,,0,,0,,0
pinnacle|mid_5p5|tau0.04|book,pinnacle,mid_5p5,0.04,book,1280,-0.04531,-0.04747,-0.11589,350,-0.03521,405,0.03532,354,-0.09165,171
betrivers|low_le4p5|tau0.04|pinnacle,betrivers,low_le4p5,0.04,pinnacle,669,-0.04537,-0.04707,-0.08977,194,-0.03914,145,-0.05244,175,0.01234,155
betonlineag|mid_5p5|tau0.02|book,betonlineag,mid_5p5,0.02,book,1350,-0.04591,-0.04814,-0.03034,296,-0.02479,485,-0.00033,417,-0.26861,152
draftkings|all|tau0.02|pinnacle,draftkings,all,0.02,pinnacle,5527,-0.04619,-0.04836,-0.08636,1390,-0.03659,1791,-0.02729,1707,-0.03617,639
unibet_us|mid_5p5|tau0.04|book,unibet_us,mid_5p5,0.04,book,364,-0.04636,-0.03384,0.03818,226,-0.1848,138,,0,,0
unibet_us|low_le4p5|tau0.06|pinnacle,unibet_us,low_le4p5,0.06,pinnacle,197,-0.04642,-0.04977,-0.04175,155,-0.06363,42,,0,,0
williamhill_us|mid_5p5|tau0.08|pinnacle,williamhill_us,mid_5p5,0.08,pinnacle,506,-0.04657,-0.04953,-0.05968,199,-0.03558,258,-0.05122,49,,0
fanduel|all|tau0.02|pinnacle,fanduel,all,0.02,pinnacle,4852,-0.04735,-0.04946,-0.07876,1125,-0.04158,1504,-0.03678,1580,-0.03189,643
majors|high_ge6p5|tau0.02|book,majors,high_ge6p5,0.02,book,3768,-0.04749,-0.05153,-0.08605,1204,-0.00582,1307,-0.07655,864,-0.00409,393
barstool|all|tau0.04|book,barstool,all,0.04,book,1031,-0.04798,-0.04436,-0.04798,1031,,0,,0,,0
betrivers|low_le4p5|tau0.02|pinnacle,betrivers,low_le4p5,0.02,pinnacle,824,-0.04839,-0.0505,-0.08982,238,-0.04445,180,-0.08528,215,0.04107,191
williamhill_us|high_ge6p5|tau0.04|pinnacle,williamhill_us,high_ge6p5,0.04,pinnacle,585,-0.04905,-0.054,-0.09685,253,0.00267,277,-0.0897,55,,0
mybookieag|low_le4p5|tau0.06|pinnacle,mybookieag,low_le4p5,0.06,pinnacle,1350,-0.04911,-0.05135,-0.0493,314,-0.06354,505,-0.07258,404,0.08341,127
mybookieag|high_ge6p5|tau0.06|pinnacle,mybookieag,high_ge6p5,0.06,pinnacle,489,-0.04923,-0.05369,-0.13153,155,-0.00235,196,-0.00405,95,-0.06611,43
unibet_us|low_le4p5|tau0.04|book,unibet_us,low_le4p5,0.04,book,630,-0.04932,-0.04386,-0.05751,437,-0.03079,193,,0,,0
williamhill_us|all|tau0.06|pinnacle,williamhill_us,all,0.06,pinnacle,2381,-0.04941,-0.05282,-0.0883,921,-0.03438,1214,0.02197,246,,0
majors|mid_5p5|tau0.02|book,majors,mid_5p5,0.02,book,5572,-0.05021,-0.05284,-0.06835,1649,-0.03734,1925,-0.0061,1378,-0.13998,620
williamhill_us|low_le4p5|tau0.04|pinnacle,williamhill_us,low_le4p5,0.04,pinnacle,1508,-0.05041,-0.0534,-0.0663,552,-0.0508,792,0.00501,164,,0
mybookieag|low_le4p5|tau0.02|book,mybookieag,low_le4p5,0.02,book,2268,-0.05048,-0.05327,-0.05774,526,-0.07337,836,-0.05434,664,0.055,242
unibet_us|all|tau0.1|pinnacle,unibet_us,all,0.1,pinnacle,218,-0.05071,-0.05465,-0.0583,163,-0.02824,55,,0,,0
fanduel|mid_5p5|tau0.06|pinnacle,fanduel,mid_5p5,0.06,pinnacle,870,-0.05095,-0.05312,-0.06028,221,-0.06341,291,0.05281,237,-0.20717,121
pinnacle|all|tau0.02|book,pinnacle,all,0.02,book,5836,-0.05103,-0.05353,-0.0822,1414,-0.05391,1819,-0.0223,1832,-0.05536,771
betrivers|low_le4p5|tau0.02|book,betrivers,low_le4p5,0.02,book,2623,-0.05105,-0.04727,-0.11239,548,-0.08827,688,-0.01025,966,-0.00399,421
fanatics|mid_5p5|tau0.04|pinnacle,fanatics,mid_5p5,0.04,pinnacle,309,-0.05109,-0.05375,,0,,0,-0.02131,231,-0.13928,78
mybookieag|all|tau0.04|book,mybookieag,all,0.04,book,3405,-0.05136,-0.05457,-0.06014,902,-0.04831,1290,-0.04362,861,-0.05892,352
fanduel|mid_5p5|tau0.04|book,fanduel,mid_5p5,0.04,book,1281,-0.05158,-0.05403,-0.0521,327,-0.03863,416,0.00934,356,-0.19939,182
pointsbetus|high_ge6p5|tau0.06|book,pointsbetus,high_ge6p5,0.06,book,276,-0.05167,-0.05676,-0.09566,209,0.08556,67,,0,,0
superbook|all|tau0.04|book,superbook,all,0.04,book,648,-0.05215,-0.05667,,0,-0.05215,648,,0,,0
betonlineag|high_ge6p5|tau0.02|book,betonlineag,high_ge6p5,0.02,book,923,-0.05218,-0.05664,-0.07212,242,-0.02319,315,-0.07566,271,-0.03053,95
williamhill_us|mid_5p5|tau0.06|pinnacle,williamhill_us,mid_5p5,0.06,pinnacle,651,-0.0525,-0.05591,-0.10394,268,-0.0234,321,0.0192,62,,0
draftkings|high_ge6p5|tau0.06|pinnacle,draftkings,high_ge6p5,0.06,pinnacle,734,-0.05264,-0.05653,-0.11927,216,0.0239,255,-0.08002,187,-0.05278,76
betrivers|mid_5p5|tau0.06|pinnacle,betrivers,mid_5p5,0.06,pinnacle,194,-0.05265,-0.05479,-0.11093,67,-0.0315,31,0.00841,41,-0.03911,55
williamhill_us|mid_5p5|tau0.08|book,williamhill_us,mid_5p5,0.08,book,540,-0.05277,-0.05598,-0.10092,220,-0.02407,270,0.00403,50,,0
fanduel|mid_5p5|tau0.06|book,fanduel,mid_5p5,0.06,book,1037,-0.05293,-0.05538,-0.05159,253,-0.0774,347,0.04552,299,-0.20714,138
betmgm|high_ge6p5|tau0.06|book,betmgm,high_ge6p5,0.06,book,805,-0.05316,-0.05748,-0.09691,223,0.01305,266,-0.08409,219,-0.06427,97
majors|all|tau0.02|pinnacle,majors,all,0.02,pinnacle,19135,-0.05327,-0.05598,-0.08631,5166,-0.04466,6738,-0.03304,5378,-0.05121,1853
betmgm|all|tau0.02|pinnacle,betmgm,all,0.02,pinnacle,5316,-0.05357,-0.05615,-0.07207,1273,-0.04873,1721,-0.03305,1751,-0.08979,571
williamhill_us|mid_5p5|tau0.06|book,williamhill_us,mid_5p5,0.06,book,668,-0.05367,-0.05691,-0.09077,274,-0.03658,328,0.01542,66,,0
all|mid_5p5|tau0.04|pinnacle,all,mid_5p5,0.04,pinnacle,9593,-0.0538,-0.05646,-0.09898,2777,-0.03453,3261,0.01343,2488,-0.1519,1067
draftkings|mid_5p5|tau0.04|pinnacle,draftkings,mid_5p5,0.04,pinnacle,1210,-0.05383,-0.05628,-0.11083,347,-0.0144,397,0.00685,328,-0.16817,138
fanduel|mid_5p5|tau0.02|book,fanduel,mid_5p5,0.02,book,1533,-0.05467,-0.05758,-0.05718,402,-0.02914,496,-0.01186,426,-0.19771,209
williamhill_us|all|tau0.04|book,williamhill_us,all,0.04,book,2983,-0.05477,-0.05867,-0.10079,1164,-0.0309,1509,0.00183,310,,0
betrivers|all|tau0.02|book,betrivers,all,0.02,book,5444,-0.05485,-0.05035,-0.06385,1260,-0.08588,1676,-0.03643,1751,-0.01373,757
betrivers|mid_5p5|tau0.08|book,betrivers,mid_5p5,0.08,book,559,-0.0549,-0.04101,0.07687,130,-0.1448,211,-0.07117,142,-0.00026,76
barstool|high_ge6p5|tau0.04|book,barstool,high_ge6p5,0.04,book,335,-0.0551,-0.06652,-0.0551,335,,0,,0,,0
unibet_us|low_le4p5|tau0.06|book,unibet_us,low_le4p5,0.06,book,492,-0.05511,-0.04835,-0.0768,336,-0.0084,156,,0,,0
soft|mid_5p5|tau0.04|pinnacle,soft,mid_5p5,0.04,pinnacle,8313,-0.05511,-0.05785,-0.09654,2427,-0.03443,2856,0.00979,2134,-0.1634,896
majors|mid_5p5|tau0.04|pinnacle,majors,mid_5p5,0.04,pinnacle,4258,-0.05514,-0.05783,-0.10607,1306,-0.03701,1501,0.0175,1033,-0.14063,418
betrivers|high_ge6p5|tau0.08|pinnacle,betrivers,high_ge6p5,0.08,pinnacle,140,-0.05514,-0.06054,-0.23414,51,0.02008,31,-0.01393,30,0.14344,28
soft|mid_5p5|tau0.02|book,soft,mid_5p5,0.02,book,12290,-0.05547,-0.0549,-0.04507,3639,-0.05687,4205,-0.01448,3065,-0.16958,1381
all|all|tau0.02|pinnacle,all,all,0.02,pinnacle,43900,-0.05593,-0.0588,-0.09125,11397,-0.04763,14701,-0.03902,13058,-0.04335,4744
all|mid_5p5|tau0.02|book,all,mid_5p5,0.02,book,13833,-0.05613,-0.05591,-0.05216,4060,-0.05821,4683,-0.01231,3501,-0.15667,1589
superbook|high_ge6p5|tau0.04|book,superbook,high_ge6p5,0.04,book,125,-0.05639,-0.06335,,0,-0.05639,125,,0,,0
betmgm|mid_5p5|tau0.02|pinnacle,betmgm,mid_5p5,0.02,pinnacle,1422,-0.05647,-0.05903,-0.07847,386,-0.06967,452,-0.00755,418,-0.0925,166
soft|all|tau0.02|pinnacle,soft,all,0.02,pinnacle,38063,-0.05665,-0.05959,-0.09244,9982,-0.04674,12882,-0.04174,11226,-0.04102,3973
williamhill_us|mid_5p5|tau0.04|book,williamhill_us,mid_5p5,0.04,book,817,-0.05667,-0.06035,-0.10001,341,-0.03267,399,0.01088,77,,0
draftkings|high_ge6p5|tau0.04|pinnacle,draftkings,high_ge6p5,0.04,pinnacle,851,-0.05682,-0.06111,-0.08586,257,0.02324,289,-0.11484,216,-0.09212,89
williamhill_us|all|tau0.04|pinnacle,williamhill_us,all,0.04,pinnacle,2889,-0.05709,-0.06104,-0.0934,1150,-0.03599,1450,-0.01844,289,,0
williamhill_us|high_ge6p5|tau0.02|book,williamhill_us,high_ge6p5,0.02,book,687,-0.05724,-0.063,-0.11324,300,-0.01693,325,0.00244,62,,0
superbook|all|tau0.04|pinnacle,superbook,all,0.04,pinnacle,610,-0.05765,-0.06258,,0,-0.05765,610,,0,,0
mybookieag|low_le4p5|tau0.02|pinnacle,mybookieag,low_le4p5,0.02,pinnacle,2037,-0.05782,-0.06078,-0.05843,482,-0.07628,759,-0.07645,593,0.0671,203
mybookieag|all|tau0.02|book,mybookieag,all,0.02,book,4088,-0.05803,-0.06186,-0.06394,1087,-0.06328,1521,-0.04809,1047,-0.04876,433
williamhill_us|low_le4p5|tau0.04|book,williamhill_us,low_le4p5,0.04,book,1550,-0.0581,-0.06168,-0.0977,562,-0.04319,816,0.00055,172,,0
williamhill_us|high_ge6p5|tau0.06|pinnacle,williamhill_us,high_ge6p5,0.06,pinnacle,507,-0.05821,-0.06404,-0.12682,212,0.0149,247,-0.13136,48,,0
betrivers|high_ge6p5|tau0.1|pinnacle,betrivers,high_ge6p5,0.1,pinnacle,117,-0.05841,-0.06449,-0.19166,39,-0.00687,27,-0.09816,26,0.13516,25
unibet_us|mid_5p5|tau0.06|pinnacle,unibet_us,mid_5p5,0.06,pinnacle,87,-0.05887,-0.06085,-0.09746,66,0.06241,21,,0,,0
fanatics|high_ge6p5|tau0.02|book,fanatics,high_ge6p5,0.02,book,269,-0.05908,-0.06519,,0,,0,-0.07548,200,-0.01154,69
draftkings|mid_5p5|tau0.02|book,draftkings,mid_5p5,0.02,book,1552,-0.05916,-0.062,-0.08251,426,-0.03404,485,-0.01014,437,-0.17509,204
pointsbetus|all|tau0.02|pinnacle,pointsbetus,all,0.02,pinnacle,1468,-0.05932,-0.0634,-0.06901,1141,-0.0255,327,,0,,0
mybookieag|mid_5p5|tau0.1|book,mybookieag,mid_5p5,0.1,book,429,-0.06,-0.06352,-0.03159,114,-0.1022,187,0.1044,75,-0.20482,53
majors|high_ge6p5|tau0.06|pinnacle,majors,high_ge6p5,0.06,pinnacle,2582,-0.06053,-0.06539,-0.12766,805,0.01822,961,-0.08523,608,-0.09238,208
fanduel|high_ge6p5|tau0.06|pinnacle,fanduel,high_ge6p5,0.06,pinnacle,629,-0.06071,-0.06512,-0.12637,177,0.0282,208,-0.09531,174,-0.07287,70
bovada|high_ge6p5|tau0.06|pinnacle,bovada,high_ge6p5,0.06,pinnacle,595,-0.06072,-0.06512,-0.26236,92,0.0018,244,-0.04786,189,-0.04835,70
pointsbetus|high_ge6p5|tau0.1|pinnacle,pointsbetus,high_ge6p5,0.1,pinnacle,160,-0.06085,-0.06658,-0.11616,118,0.09454,42,,0,,0
pinnacle|mid_5p5|tau0.02|book,pinnacle,mid_5p5,0.02,book,1543,-0.06137,-0.06445,-0.11342,421,-0.07001,478,0.00294,436,-0.071,208
betmgm|high_ge6p5|tau0.04|book,betmgm,high_ge6p5,0.04,book,897,-0.06144,-0.0665,-0.11426,258,-0.00857,297,-0.08502,235,-0.02904,107
pinnacle|high_ge6p5|tau0.06|book,pinnacle,high_ge6p5,0.06,book,774,-0.06158,-0.06704,-0.11962,220,-0.00868,260,-0.06978,202,-0.0543,92
mybookieag|high_ge6p5|tau0.04|pinnacle,mybookieag,high_ge6p5,0.04,pinnacle,560,-0.06167,-0.06714,-0.10019,185,-0.00107,216,-0.09363,110,-0.11155,49
betonlineag|high_ge6p5|tau0.06|pinnacle,betonlineag,high_ge6p5,0.06,pinnacle,610,-0.06196,-0.06653,-0.17634,154,0.02641,213,-0.07572,188,-0.03691,55
mybookieag|all|tau0.06|pinnacle,mybookieag,all,0.06,pinnacle,2513,-0.06252,-0.06619,-0.08274,672,-0.05514,966,-0.05251,633,-0.06197,242
superbook|mid_5p5|tau0.1|pinnacle,superbook,mid_5p5,0.1,pinnacle,82,-0.06266,-0.06565,,0,-0.06266,82,,0,,0
williamhill_us|mid_5p5|tau0.1|book,williamhill_us,mid_5p5,0.1,book,406,-0.0628,-0.06639,-0.06128,166,-0.05693,202,-0.10069,38,,0
betonlineag|mid_5p5|tau0.02|pinnacle,betonlineag,mid_5p5,0.02,pinnacle,1224,-0.06284,-0.0659,-0.06944,283,-0.05879,425,-0.01561,387,-0.20338,129
majors|high_ge6p5|tau0.04|pinnacle,majors,high_ge6p5,0.04,pinnacle,2992,-0.0632,-0.06831,-0.08986,962,0.0111,1084,-0.11724,697,-0.13241,249
williamhill_us|low_le4p5|tau0.02|book,williamhill_us,low_le4p5,0.02,book,1885,-0.06334,-0.06721,-0.09038,684,-0.04555,993,-0.05932,208,,0
fanduel|mid_5p5|tau0.04|pinnacle,fanduel,mid_5p5,0.04,pinnacle,1076,-0.06373,-0.06663,-0.09849,291,-0.06973,343,0.02275,297,-0.15688,145
all|high_ge6p5|tau0.06|pinnacle,all,high_ge6p5,0.06,pinnacle,5841,-0.06382,-0.06917,-0.15215,1770,0.01516,2091,-0.07259,1444,-0.05654,536
pointsbetus|mid_5p5|tau0.02|book,pointsbetus,mid_5p5,0.02,book,497,-0.06416,-0.06804,-0.06094,375,-0.07405,122,,0,,0
soft|high_ge6p5|tau0.06|pinnacle,soft,high_ge6p5,0.06,pinnacle,5067,-0.06416,-0.06948,-0.15677,1550,0.01854,1831,-0.07305,1242,-0.05701,444
mybookieag|all|tau0.04|pinnacle,mybookieag,all,0.04,pinnacle,3046,-0.06428,-0.06809,-0.08244,840,-0.05663,1133,-0.05801,777,-0.05847,296
williamhill_us|low_le4p5|tau0.02|pinnacle,williamhill_us,low_le4p5,0.02,pinnacle,1839,-0.06434,-0.06823,-0.0852,667,-0.05658,971,-0.03258,201,,0
williamhill_us|all|tau0.02|book,williamhill_us,all,0.02,book,3558,-0.06462,-0.06919,-0.09944,1407,-0.04358,1793,-0.03315,358,,0
superbook|all|tau0.02|book,superbook,all,0.02,book,758,-0.06546,-0.07097,,0,-0.06546,758,,0,,0
fanatics|all|tau0.02|pinnacle,fanatics,all,0.02,pinnacle,1562,-0.06547,-0.06864,,0,,0,-0.07775,1215,-0.02248,347
fanduel|high_ge6p5|tau0.04|pinnacle,fanduel,high_ge6p5,0.04,pinnacle,732,-0.06673,-0.07159,-0.07613,213,0.01825,233,-0.13753,201,-0.10868,85
fanatics|mid_5p5|tau0.02|book,fanatics,mid_5p5,0.02,book,433,-0.06737,-0.07123,,0,,0,-0.03929,326,-0.15292,107
betonlineag|high_ge6p5|tau0.04|pinnacle,betonlineag,high_ge6p5,0.04,pinnacle,707,-0.06767,-0.07284,-0.1316,185,0.01988,241,-0.10798,216,-0.07637,65
betmgm|high_ge6p5|tau0.02|book,betmgm,high_ge6p5,0.02,book,991,-0.06812,-0.0736,-0.10509,289,-0.01782,324,-0.09464,258,-0.05788,120
superbook|mid_5p5|tau0.02|pinnacle,superbook,mid_5p5,0.02,pinnacle,199,-0.06825,-0.07331,,0,-0.06825,199,,0,,0
pointsbetus|mid_5p5|tau0.04|pinnacle,pointsbetus,mid_5p5,0.04,pinnacle,352,-0.06828,-0.07219,-0.07466,273,-0.04622,79,,0,,0
draftkings|mid_5p5|tau0.02|pinnacle,draftkings,mid_5p5,0.02,pinnacle,1457,-0.06851,-0.07171,-0.11054,417,-0.04973,470,-0.01828,401,-0.13626,169
betrivers|all|tau0.04|pinnacle,betrivers,all,0.04,pinnacle,1111,-0.06867,-0.07207,-0.12138,357,-0.03742,227,-0.07749,269,-0.01403,258
pinnacle|high_ge6p5|tau0.04|book,pinnacle,high_ge6p5,0.04,book,896,-0.06892,-0.07507,-0.08753,261,-0.01626,296,-0.10479,231,-0.09154,108
majors|mid_5p5|tau0.02|pinnacle,majors,mid_5p5,0.02,pinnacle,5123,-0.06951,-0.07302,-0.10478,1567,-0.06696,1781,-0.01273,1269,-0.11163,506
fanduel|mid_5p5|tau0.02|pinnacle,fanduel,mid_5p5,0.02,pinnacle,1295,-0.06973,-0.07303,-0.09575,350,-0.08543,406,-0.01088,368,-0.10585,171
unibet_us|mid_5p5|tau0.06|book,unibet_us,mid_5p5,0.06,book,287,-0.06981,-0.05214,-0.00969,175,-0.16375,112,,0,,0
williamhill_us|high_ge6p5|tau0.02|pinnacle,williamhill_us,high_ge6p5,0.02,pinnacle,652,-0.07002,-0.07708,-0.11569,297,-0.01463,298,-0.12164,57,,0
superbook|low_le4p5|tau0.04|book,superbook,low_le4p5,0.04,book,345,-0.07013,-0.07538,,0,-0.07013,345,,0,,0
betmgm|high_ge6p5|tau0.06|pinnacle,betmgm,high_ge6p5,0.06,pinnacle,712,-0.07016,-0.0756,-0.13875,200,0.00745,251,-0.07019,199,-0.16297,62
draftkings|high_ge6p5|tau0.02|pinnacle,draftkings,high_ge6p5,0.02,pinnacle,948,-0.07037,-0.07571,-0.10204,301,0.00214,311,-0.12724,236,-0.06631,100
all|high_ge6p5|tau0.04|pinnacle,all,high_ge6p5,0.04,pinnacle,6749,-0.07056,-0.0765,-0.11196,2097,0.00541,2360,-0.11339,1653,-0.10446,639
soft|high_ge6p5|tau0.04|pinnacle,soft,high_ge6p5,0.04,pinnacle,5852,-0.07065,-0.07654,-0.11496,1835,0.00852,2064,-0.11478,1422,-0.10709,531
all|mid_5p5|tau0.02|pinnacle,all,mid_5p5,0.02,pinnacle,11537,-0.07105,-0.07475,-0.09753,3341,-0.06687,3857,-0.02494,3062,-0.125,1277
superbook|high_ge6p5|tau0.02|book,superbook,high_ge6p5,0.02,book,133,-0.0712,-0.07974,,0,-0.0712,133,,0,,0
unibet_us|all|tau0.02|book,unibet_us,all,0.02,book,1891,-0.07152,-0.0663,-0.06295,1263,-0.08877,628,,0,,0
bovada|high_ge6p5|tau0.04|pinnacle,bovada,high_ge6p5,0.04,pinnacle,685,-0.07212,-0.0774,-0.19823,106,1e-05,279,-0.09791,215,-0.08641,85
williamhill_us|mid_5p5|tau0.02|book,williamhill_us,mid_5p5,0.02,book,986,-0.0722,-0.07712,-0.10428,423,-0.05768,475,0.00363,88,,0
barstool|low_le4p5|tau0.06|book,barstool,low_le4p5,0.06,book,372,-0.07223,-0.06347,-0.07223,372,,0,,0,,0
unibet_us|all|tau0.06|pinnacle,unibet_us,all,0.06,pinnacle,375,-0.0725,-0.07819,-0.10104,287,0.02057,88,,0,,0
soft|mid_5p5|tau0.02|pinnacle,soft,mid_5p5,0.02,pinnacle,9994,-0.07255,-0.07634,-0.09524,2920,-0.06643,3379,-0.02956,2626,-0.1355,1069
williamhill_us|all|tau0.02|pinnacle,williamhill_us,all,0.02,pinnacle,3440,-0.07257,-0.07766,-0.10557,1378,-0.05169,1722,-0.04455,340,,0
fanatics|high_ge6p5|tau0.08|pinnacle,fanatics,high_ge6p5,0.08,pinnacle,139,-0.07281,-0.0781,,0,,0,-0.09452,104,-0.00829,35
williamhill_us|mid_5p5|tau0.04|pinnacle,williamhill_us,mid_5p5,0.04,pinnacle,796,-0.07565,-0.08056,-0.13423,345,-0.03332,381,-0.01738,70,,0
fanduel|high_ge6p5|tau0.02|pinnacle,fanduel,high_ge6p5,0.02,pinnacle,817,-0.07585,-0.08139,-0.0956,251,0.00824,251,-0.13949,221,-0.09804,94
majors|high_ge6p5|tau0.02|pinnacle,majors,high_ge6p5,0.02,pinnacle,3334,-0.07593,-0.08207,-0.10769,1128,-0.00555,1166,-0.12422,761,-0.10992,279
unibet_us|low_le4p5|tau0.02|pinnacle,unibet_us,low_le4p5,0.02,pinnacle,298,-0.0764,-0.0817,-0.08991,238,-0.02282,60,,0,,0
betrivers|mid_5p5|tau0.06|book,betrivers,mid_5p5,0.06,book,750,-0.07662,-0.05819,-0.01532,176,-0.11658,276,-0.06175,192,-0.10125,106
betmgm|high_ge6p5|tau0.04|pinnacle,betmgm,high_ge6p5,0.04,pinnacle,824,-0.07671,-0.0827,-0.099,239,0.00113,285,-0.10815,225,-0.20713,75
mybookieag|mid_5p5|tau0.06|book,mybookieag,mid_5p5,0.06,book,718,-0.07771,-0.08262,-0.05788,208,-0.04746,290,-0.05135,139,-0.28212,81
betrivers|mid_5p5|tau0.04|book,betrivers,mid_5p5,0.04,book,950,-0.07797,-0.05862,0.03821,226,-0.12364,352,-0.09661,239,-0.12101,133
mybookieag|mid_5p5|tau0.08|book,mybookieag,mid_5p5,0.08,book,581,-0.07822,-0.08289,-0.04204,162,-0.08051,240,-0.00716,113,-0.28037,66
pointsbetus|high_ge6p5|tau0.08|pinnacle,pointsbetus,high_ge6p5,0.08,pinnacle,193,-0.07832,-0.08546,-0.14666,144,0.12251,49,,0,,0
unibet_us|low_le4p5|tau0.04|pinnacle,unibet_us,low_le4p5,0.04,pinnacle,243,-0.07867,-0.08394,-0.08981,194,-0.03456,49,,0,,0
pointsbetus|high_ge6p5|tau0.04|pinnacle,pointsbetus,high_ge6p5,0.04,pinnacle,255,-0.0795,-0.08661,-0.10981,198,0.02578,57,,0,,0
mybookieag|all|tau0.02|pinnacle,mybookieag,all,0.02,pinnacle,3639,-0.0798,-0.08476,-0.09721,1003,-0.07291,1343,-0.08486,935,-0.04367,358
superbook|low_le4p5|tau0.02|book,superbook,low_le4p5,0.02,book,419,-0.0801,-0.08604,,0,-0.0801,419,,0,,0
pinnacle|high_ge6p5|tau0.02|book,pinnacle,high_ge6p5,0.02,book,996,-0.08017,-0.08726,-0.10353,305,-0.03581,318,-0.10778,253,-0.08007,120
superbook|low_le4p5|tau0.06|pinnacle,superbook,low_le4p5,0.06,pinnacle,270,-0.08083,-0.08667,,0,-0.08083,270,,0,,0
pointsbetus|mid_5p5|tau0.02|pinnacle,pointsbetus,mid_5p5,0.02,pinnacle,416,-0.081,-0.08612,-0.0806,326,-0.08246,90,,0,,0
betrivers|all|tau0.02|pinnacle,betrivers,all,0.02,pinnacle,1335,-0.08176,-0.08618,-0.13107,432,-0.06292,274,-0.11607,324,0.00758,305
mybookieag|mid_5p5|tau0.08|pinnacle,mybookieag,mid_5p5,0.08,pinnacle,517,-0.08216,-0.08701,-0.04099,143,-0.09094,217,-0.0159,101,-0.27274,56
betonlineag|high_ge6p5|tau0.02|pinnacle,betonlineag,high_ge6p5,0.02,pinnacle,784,-0.08225,-0.08859,-0.15255,214,0.00472,259,-0.12129,236,-0.05916,75
bovada|high_ge6p5|tau0.02|pinnacle,bovada,high_ge6p5,0.02,pinnacle,745,-0.0823,-0.08832,-0.21756,116,-0.01385,299,-0.1051,236,-0.0759,94
mybookieag|mid_5p5|tau0.02|book,mybookieag,mid_5p5,0.02,book,1089,-0.08295,-0.08859,-0.08578,323,-0.06195,409,-0.02396,237,-0.26343,120
mybookieag|high_ge6p5|tau0.02|pinnacle,mybookieag,high_ge6p5,0.02,pinnacle,624,-0.08324,-0.09073,-0.13883,217,-0.01515,228,-0.11121,124,-0.08309,55
mybookieag|mid_5p5|tau0.04|book,mybookieag,mid_5p5,0.04,book,910,-0.08355,-0.08881,-0.118,265,-0.03452,355,-0.02308,193,-0.28917,97
fanatics|high_ge6p5|tau0.06|pinnacle,fanatics,high_ge6p5,0.06,pinnacle,166,-0.08365,-0.09022,,0,,0,-0.09028,127,-0.06207,39
unibet_us|mid_5p5|tau0.02|book,unibet_us,mid_5p5,0.02,book,441,-0.08384,-0.06411,-0.00362,277,-0.21932,164,,0,,0
unibet_us|mid_5p5|tau0.04|pinnacle,unibet_us,mid_5p5,0.04,pinnacle,108,-0.08421,-0.08732,-0.10936,86,0.01412,22,,0,,0
superbook|mid_5p5|tau0.1|book,superbook,mid_5p5,0.1,book,98,-0.08444,-0.09055,,0,-0.08444,98,,0,,0
all|high_ge6p5|tau0.02|pinnacle,all,high_ge6p5,0.02,pinnacle,7501,-0.08549,-0.0927,-0.13412,2443,-0.01212,2525,-0.12158,1815,-0.08676,718
betmgm|high_ge6p5|tau0.02|pinnacle,betmgm,high_ge6p5,0.02,pinnacle,917,-0.08594,-0.09262,-0.11614,279,-0.01583,306,-0.10826,247,-0.17436,85
soft|high_ge6p5|tau0.02|pinnacle,soft,high_ge6p5,0.02,pinnacle,6504,-0.08616,-0.09337,-0.13808,2137,-0.00871,2207,-0.12382,1562,-0.08811,598
superbook|all|tau0.02|pinnacle,superbook,all,0.02,pinnacle,729,-0.08744,-0.09474,,0,-0.08744,729,,0,,0
williamhill_us|mid_5p5|tau0.02|pinnacle,williamhill_us,mid_5p5,0.02,pinnacle,949,-0.09027,-0.09641,-0.13113,414,-0.06559,453,-0.0203,82,,0
betrivers|mid_5p5|tau0.04|pinnacle,betrivers,mid_5p5,0.04,pinnacle,245,-0.0919,-0.09621,-0.1196,87,-0.03031,37,-0.11549,54,-0.07093,67
unibet_us|all|tau0.04|pinnacle,unibet_us,all,0.04,pinnacle,456,-0.09273,-0.0996,-0.11889,356,0.00039,100,,0,,0
superbook|low_le4p5|tau0.04|pinnacle,superbook,low_le4p5,0.04,pinnacle,327,-0.09427,-0.10168,,0,-0.09427,327,,0,,0
pointsbetus|high_ge6p5|tau0.02|pinnacle,pointsbetus,high_ge6p5,0.02,pinnacle,288,-0.09622,-0.1048,-0.13022,230,0.0386,58,,0,,0
pointsbetus|high_ge6p5|tau0.06|pinnacle,pointsbetus,high_ge6p5,0.06,pinnacle,224,-0.09901,-0.10791,-0.15676,170,0.08277,54,,0,,0
mybookieag|mid_5p5|tau0.06|pinnacle,mybookieag,mid_5p5,0.06,pinnacle,674,-0.09902,-0.10523,-0.09723,203,-0.07818,265,-0.02639,134,-0.31594,72
unibet_us|mid_5p5|tau0.02|pinnacle,unibet_us,mid_5p5,0.02,pinnacle,132,-0.09954,-0.10422,-0.10663,104,-0.07323,28,,0,,0
fanatics|mid_5p5|tau0.02|pinnacle,fanatics,mid_5p5,0.02,pinnacle,377,-0.10173,-0.10773,,0,,0,-0.09436,286,-0.12489,91
betrivers|mid_5p5|tau0.02|book,betrivers,mid_5p5,0.02,book,1174,-0.10361,-0.08055,-0.00321,277,-0.1679,429,-0.08309,298,-0.14094,170
betrivers|high_ge6p5|tau0.06|pinnacle,betrivers,high_ge6p5,0.06,pinnacle,165,-0.10379,-0.11427,-0.244,66,-0.05206,35,-0.10803,35,0.15798,29
unibet_us|low_le4p5|tau0.02|book,unibet_us,low_le4p5,0.02,book,800,-0.10432,-0.09596,-0.11263,548,-0.08626,252,,0,,0
barstool|low_le4p5|tau0.04|book,barstool,low_le4p5,0.04,book,482,-0.1056,-0.09705,-0.1056,482,,0,,0,,0
unibet_us|all|tau0.02|pinnacle,unibet_us,all,0.02,pinnacle,550,-0.10836,-0.11665,-0.12901,431,-0.03359,119,,0,,0
mybookieag|mid_5p5|tau0.04|pinnacle,mybookieag,mid_5p5,0.04,pinnacle,820,-0.11058,-0.11776,-0.13544,255,-0.08596,306,-0.03635,175,-0.27948,84
unibet_us|high_ge6p5|tau0.1|pinnacle,unibet_us,high_ge6p5,0.1,pinnacle,60,-0.1111,-0.1272,-0.19166,39,0.0385,21,,0,,0
barstool|low_le4p5|tau0.02|book,barstool,low_le4p5,0.02,book,583,-0.11295,-0.10551,-0.11295,583,,0,,0,,0
superbook|low_le4p5|tau0.02|pinnacle,superbook,low_le4p5,0.02,pinnacle,412,-0.11367,-0.12228,,0,-0.11367,412,,0,,0
betrivers|high_ge6p5|tau0.04|pinnacle,betrivers,high_ge6p5,0.04,pinnacle,197,-0.11889,-0.13027,-0.2041,76,-0.03775,45,-0.13574,40,-0.02171,36
betrivers|mid_5p5|tau0.02|pinnacle,betrivers,mid_5p5,0.02,pinnacle,289,-0.12216,-0.12867,-0.11536,105,-0.09868,46,-0.21286,63,-0.06988,75
mybookieag|mid_5p5|tau0.02|pinnacle,mybookieag,mid_5p5,0.02,pinnacle,978,-0.12341,-0.13189,-0.12899,304,-0.10273,356,-0.09276,218,-0.24684,100
barstool|all|tau0.1|pinnacle,barstool,all,0.1,pinnacle,106,-0.12376,-0.13164,-0.12376,106,,0,,0,,0
unibet_us|high_ge6p5|tau0.08|pinnacle,unibet_us,high_ge6p5,0.08,pinnacle,75,-0.12433,-0.14166,-0.23414,51,0.10902,24,,0,,0
barstool|all|tau0.08|pinnacle,barstool,all,0.08,pinnacle,135,-0.12987,-0.13779,-0.12987,135,,0,,0,,0
unibet_us|high_ge6p5|tau0.04|pinnacle,unibet_us,high_ge6p5,0.04,pinnacle,105,-0.13405,-0.15089,-0.20391,76,0.04904,29,,0,,0
barstool|low_le4p5|tau0.1|pinnacle,barstool,low_le4p5,0.1,pinnacle,59,-0.1384,-0.14517,-0.1384,59,,0,,0,,0
fanatics|high_ge6p5|tau0.04|pinnacle,fanatics,high_ge6p5,0.04,pinnacle,191,-0.14001,-0.15203,,0,,0,-0.14865,144,-0.11355,47
barstool|all|tau0.06|pinnacle,barstool,all,0.06,pinnacle,180,-0.14045,-0.15098,-0.14045,180,,0,,0,,0
barstool|all|tau0.04|pinnacle,barstool,all,0.04,pinnacle,223,-0.14153,-0.15235,-0.14153,223,,0,,0,,0
unibet_us|high_ge6p5|tau0.06|pinnacle,unibet_us,high_ge6p5,0.06,pinnacle,91,-0.14201,-0.16107,-0.24386,66,0.12688,25,,0,,0
barstool|all|tau0.02|pinnacle,barstool,all,0.02,pinnacle,274,-0.14347,-0.1551,-0.14347,274,,0,,0,,0
fanatics|high_ge6p5|tau0.02|pinnacle,fanatics,high_ge6p5,0.02,pinnacle,215,-0.14596,-0.15927,,0,,0,-0.16222,159,-0.09978,56
barstool|low_le4p5|tau0.06|pinnacle,barstool,low_le4p5,0.06,pinnacle,99,-0.14651,-0.15787,-0.14651,99,,0,,0,,0
betrivers|high_ge6p5|tau0.02|pinnacle,betrivers,high_ge6p5,0.02,pinnacle,222,-0.15307,-0.16805,-0.25988,89,-0.09789,48,-0.12745,46,-0.00745,39
barstool|low_le4p5|tau0.08|pinnacle,barstool,low_le4p5,0.08,pinnacle,76,-0.16271,-0.17232,-0.16271,76,,0,,0,,0
barstool|high_ge6p5|tau0.04|pinnacle,barstool,high_ge6p5,0.04,pinnacle,47,-0.16711,-0.18373,-0.16711,47,,0,,0,,0
barstool|high_ge6p5|tau0.02|pinnacle,barstool,high_ge6p5,0.02,pinnacle,54,-0.17405,-0.19126,-0.17405,54,,0,,0,,0
barstool|high_ge6p5|tau0.1|pinnacle,barstool,high_ge6p5,0.1,pinnacle,24,-0.18254,-0.19884,-0.18254,24,,0,,0,,0
barstool|low_le4p5|tau0.04|pinnacle,barstool,low_le4p5,0.04,pinnacle,122,-0.18339,-0.19768,-0.18339,122,,0,,0,,0
barstool|high_ge6p5|tau0.08|pinnacle,barstool,high_ge6p5,0.08,pinnacle,31,-0.19077,-0.20804,-0.19077,31,,0,,0,,0
barstool|low_le4p5|tau0.02|pinnacle,barstool,low_le4p5,0.02,pinnacle,152,-0.19234,-0.20902,-0.19234,152,,0,,0,,0
unibet_us|high_ge6p5|tau0.02|pinnacle,unibet_us,high_ge6p5,0.02,pinnacle,120,-0.19744,-0.22301,-0.25972,89,-0.01864,31,,0,,0
barstool|high_ge6p5|tau0.06|pinnacle,barstool,high_ge6p5,0.06,pinnacle,42,-0.23085,-0.25326,-0.23085,42,,0,,0,,0
